2,22c2,30
< 19M14559,manta,1,22381427,22381428,T,BND,-,PASS,328.58,NA
< 19M14559,manta,1,121485422,121485423,G,BND,-,PASS,328.58,NA
< 19M14559,manta,1,162514520,162514521,G,BND,-,PASS,328.58,NA
< 19M14559,manta,2,33141284,33141285,G,BND,-,PASS,328.58,NA
< 19M14559,manta,2,33141294,33141295,G,BND,-,PASS,328.58,NA
< 19M14559,manta,2,33141394,33141395,G,BND,-,PASS,328.58,NA
< 19M14559,manta,2,92305715,92306054,GATACTTTGCTGGCTTTGAGGATTTCGTTGGAAACGGGAATACATATAAAAAGCAGACAGCAGCGTTGTGAGAAACTTCTTTGTGATGTTTGCATTCAAGTCACAGAGTTGAACGTTCCGTATCATAGAGCAGGTTGGAAACATGCCTTTTGTCATATCTGGAAGTGTCCATTTGAAGCGCATTCAACCTTGTGTTGAAAAAGGAAATACCTTCCAATAGAAACCAGACAGAAGCATTCTCAGAAACTTATTTGTGATGTGTGTACTCAAATAACAGAATTCAACAATCGTTTTGAAGGAGCAGTTTTGAAACACTCTTTTTGTGGAATCTGCAAGTGCA,DEL,-,PASS,328.58,NA
< 19M14559,manta,3,10088266,11911936,G,DUP,-,PASS,328.58,VHL
< 19M14559,manta,3,25802430,39211156,A,DEL,-,PASS,328.58,MLH1
< 19M14559,manta,4,49104881,49105026,CATTCCATTCCATTGCATTCCATTCCATTCCACTCGTGTTGATTCCCTTCCATTCCATTCCATTCCATTCCACTCCATTCCACTTGGGTTGATTCCATTCCGTTCCTTTCCATTTCATTCCATACCATTCCATTCCATTCCATACC,DEL,-,PASS,328.58,NA
< 19M14559,manta,4,49110473,49110626,CCATTCCATTCCATTCCATTCCATTCCATTCGTGTTGATTCCATTGCATTCCATTCCATTCCACTCCATTCCATTCCATTTCATTCCATTCCAGTTGATTCCATTCCTTTCCATTCCATTCCTTTCCATTCCATTCCATTCCATTCTACTCGGT,DEL,-,PASS,328.58,NA
< 19M14559,manta,5,67151891,151180503,T,INV,-,PASS,328.58,APC
< 19M14559,manta,10,42600079,42600131,ACGAATGGAATCGTCATCGAATGGAATCGAATGGAATCATCAAATGGGATCAG,DEL,-,PASS,328.58,NA
< 19M14559,manta,11,32457008,32457009,G,BND,-,PASS,328.58,NA
< 19M14559,manta,16,3647741,3647742,A,BND,-,PASS,328.58,NA
< 19M14559,manta,17,41557039,57986569,C,INV,-,PASS,328.58,NA
< 19M14559,manta,17,54445637,54445638,C,BND,-,PASS,328.58,NA
< 19M14559,manta,18,19318848,19318849,A,BND,-,PASS,328.58,NA
< 19M14559,manta,19,27731953,27731954,A,BND,-,PASS,328.58,NA
< 19M14559,manta,19,45873706,45873707,C,BND,-,PASS,328.58,NA
< 19M14559,exomeDepth,NA,NA,NA,NA,NA,NA,PASS,328.58,NA
---
> 15M03351,manta,1,52433237,52433238,A,BND,-,PASS,503.74,NA
> 15M03351,manta,1,62948846,62948847,T,BND,-,PASS,503.74,NA
> 15M03351,manta,1,121485405,121485406,T,BND,-,PASS,503.74,NA
> 15M03351,manta,2,33141256,33141257,G,BND,-,PASS,503.74,NA
> 15M03351,manta,2,33141288,33141289,G,BND,-,PASS,503.74,NA
> 15M03351,manta,2,33141295,33141296,T,BND,-,PASS,503.74,NA
> 15M03351,manta,3,10088266,11911936,G,DUP,-,PASS,503.74,VHL
> 15M03351,manta,3,25802447,39211139,G,DEL,-,PASS,503.74,MLH1
> 15M03351,manta,3,90280910,193406201,T,INV,-,PASS,503.74,NA
> 15M03351,manta,4,19079519,19079520,T,BND,-,PASS,503.74,NA
> 15M03351,manta,4,55721189,55721190,G,BND,-,PASS,503.74,NA
> 15M03351,manta,4,82515449,82515450,T,BND,-,PASS,503.74,NA
> 15M03351,manta,6,160521734,160521735,A,BND,-,PASS,503.74,NA
> 15M03351,manta,6,160521839,160521840,T,BND,-,PASS,503.74,NA
> 15M03351,manta,7,55086786,55086787,C,BND,-,PASS,503.74,NA
> 15M03351,manta,7,140233902,140233903,T,INS,-,PASS,503.74,NA
> 15M03351,manta,10,42600079,42600131,ACGAATGGAATCGTCATCGAATGGAATCGAATGGAATCATCAAATGGGATCAG,DEL,-,PASS,503.74,NA
> 15M03351,manta,10,98389689,98389690,A,BND,-,PASS,503.74,NA
> 15M03351,manta,11,32456951,32456952,T,BND,-,PASS,503.74,NA
> 15M03351,manta,11,121195029,121195030,T,BND,-,PASS,503.74,NA
> 15M03351,manta,12,66451462,66451463,T,BND,-,PASS,503.74,NA
> 15M03351,manta,13,78887238,78887239,A,BND,-,PASS,503.74,NA
> 15M03351,manta,13,78887238,78887239,A,BND,-,PASS,503.74,NA
> 15M03351,manta,13,78887238,78887239,A,BND,-,PASS,503.74,NA
> 15M03351,manta,17,41557071,57986561,A,INV,-,PASS,503.74,RAD51C
> 15M03351,manta,19,27731958,27731959,C,BND,-,PASS,503.74,NA
> 15M03351,manta,19,45873725,45873726,C,BND,-,PASS,503.74,NA
> 15M03351,manta,X,112235661,112235662,T,BND,-,PASS,503.74,NA
> 15M03351,exomeDepth,NA,NA,NA,NA,NA,NA,PASS,503.74,NA
39c47
< 19M14525,manta,17,41557035,57986569,A,INV,-,PASS,382.99,NA
---
> 19M14525,manta,17,41557035,57986569,A,INV,-,PASS,382.99,RAD51C
41,74d48
< 19M14560,manta,1,62390961,62390962,G,BND,-,PASS,377.34,NA
< 19M14560,manta,1,113611322,113613777,T,DEL,-,PASS,377.34,NA
< 19M14560,manta,1,121485409,121485410,T,BND,-,PASS,377.34,NA
< 19M14560,manta,2,33092006,33092007,T,BND,-,PASS,377.34,NA
< 19M14560,manta,2,33141274,33141275,G,BND,-,PASS,377.34,NA
< 19M14560,manta,2,33141294,33141295,G,BND,-,PASS,377.34,NA
< 19M14560,manta,2,143202048,143202049,T,BND,-,PASS,377.34,NA
< 19M14560,manta,3,10088266,11911936,G,DUP,-,PASS,377.34,VHL
< 19M14560,manta,3,25802431,39211202,C,DEL,-,PASS,377.34,MLH1
< 19M14560,manta,3,121667270,121667271,T,BND,-,PASS,377.34,NA
< 19M14560,manta,4,19079519,19079520,T,BND,-,PASS,377.34,NA
< 19M14560,manta,4,49634651,49634726,GGAATGAAATGGAATGGAATGGAACGGAATCAACCCAAATGGAATGGAATGGAATGGAATGGAATGGAATGGAATG,DEL,-,PASS,377.34,NA
< 19M14560,manta,4,55721193,55721194,C,BND,-,PASS,377.34,NA
< 19M14560,manta,4,82515449,82515450,T,BND,-,PASS,377.34,NA
< 19M14560,manta,6,160521750,160521751,A,BND,-,PASS,377.34,NA
< 19M14560,manta,6,160521825,160521826,T,BND,-,PASS,377.34,NA
< 19M14560,manta,10,21317134,21317135,C,BND,-,PASS,377.34,NA
< 19M14560,manta,10,42364765,42365024,GTTTGATTCCATTCCATTCCATTCCATTCCATTCCATTCCATTCCATTCCACTCCATTCCATTCCATTCCATTCCACCCGGATTGATTCCTTTCCATTCCATTTTAATCCATTCCATTCCACTCCTTTCCACTGGGGTTGATTCCATTCCATTCCATTCCATTCCATTTCATTTCTTTCCATTCCATTCCAGTTGATTCTTATGCCTTCCATTCCATTCCATTCCATTGTATTCCATTCCATTCCATTCCATTGTATTCC,DEL,-,PASS,377.34,NA
< 19M14560,manta,10,42600079,42600131,ACGAATGGAATCGTCATCGAATGGAATCGAATGGAATCATCAAATGGGATCAG,DEL,-,PASS,377.34,NA
< 19M14560,manta,10,98389675,98389676,A,BND,-,PASS,377.34,NA
< 19M14560,manta,10,115897797,115897798,A,BND,-,PASS,377.34,NA
< 19M14560,manta,11,32456997,32456998,G,BND,-,PASS,377.34,NA
< 19M14560,manta,12,66451462,66451463,T,BND,-,PASS,377.34,NA
< 19M14560,manta,12,86254222,86254223,G,BND,-,PASS,377.34,NA
< 19M14560,manta,13,78887238,78887239,A,BND,-,PASS,377.34,NA
< 19M14560,manta,13,78887238,78887239,A,BND,-,PASS,377.34,NA
< 19M14560,manta,13,78887238,78887239,A,BND,-,PASS,377.34,NA
< 19M14560,manta,13,78887238,78887239,A,BND,-,PASS,377.34,NA
< 19M14560,manta,17,41557040,57986569,A,INV,-,PASS,377.34,NA
< 19M14560,manta,19,27731957,27731958,T,BND,-,PASS,377.34,NA
< 19M14560,manta,19,45873688,45873689,T,BND,-,PASS,377.34,NA
< 19M14560,manta,20,29829496,29829551,TGGAATGGAATGGAATGGAATGCAATGGAATGGAATGGAATGCAATGGAATGGAAT,DEL,-,PASS,377.34,NA
< 19M14560,manta,20,29829594,29829655,AATGGAATGGAATGCAATGGAATGGAATGGAATGGAATGCAATGGAATGGAATGGAATGGAA,DEL,-,PASS,377.34,NA
< 19M14560,exomeDepth,NA,NA,NA,NA,NA,NA,PASS,377.34,NA
94c68
< 19M14541,manta,17,41557035,57986571,A,INV,-,PASS,490.27,NA
---
> 19M14541,manta,17,41557035,57986571,A,INV,-,PASS,490.27,RAD51C
101,152c75,116
< 15M03351,manta,1,52433237,52433238,A,BND,-,PASS,503.74,NA
< 15M03351,manta,1,62948846,62948847,T,BND,-,PASS,503.74,NA
< 15M03351,manta,1,121485405,121485406,T,BND,-,PASS,503.74,NA
< 15M03351,manta,2,33141256,33141257,G,BND,-,PASS,503.74,NA
< 15M03351,manta,2,33141288,33141289,G,BND,-,PASS,503.74,NA
< 15M03351,manta,2,33141295,33141296,T,BND,-,PASS,503.74,NA
< 15M03351,manta,3,10088266,11911936,G,DUP,-,PASS,503.74,VHL
< 15M03351,manta,3,25802447,39211139,G,DEL,-,PASS,503.74,MLH1
< 15M03351,manta,3,90280910,193406201,T,INV,-,PASS,503.74,NA
< 15M03351,manta,4,19079519,19079520,T,BND,-,PASS,503.74,NA
< 15M03351,manta,4,55721189,55721190,G,BND,-,PASS,503.74,NA
< 15M03351,manta,4,82515449,82515450,T,BND,-,PASS,503.74,NA
< 15M03351,manta,6,160521734,160521735,A,BND,-,PASS,503.74,NA
< 15M03351,manta,6,160521839,160521840,T,BND,-,PASS,503.74,NA
< 15M03351,manta,7,55086786,55086787,C,BND,-,PASS,503.74,NA
< 15M03351,manta,7,140233902,140233903,T,INS,-,PASS,503.74,NA
< 15M03351,manta,10,42600079,42600131,ACGAATGGAATCGTCATCGAATGGAATCGAATGGAATCATCAAATGGGATCAG,DEL,-,PASS,503.74,NA
< 15M03351,manta,10,98389689,98389690,A,BND,-,PASS,503.74,NA
< 15M03351,manta,11,32456951,32456952,T,BND,-,PASS,503.74,NA
< 15M03351,manta,11,121195029,121195030,T,BND,-,PASS,503.74,NA
< 15M03351,manta,12,66451462,66451463,T,BND,-,PASS,503.74,NA
< 15M03351,manta,13,78887238,78887239,A,BND,-,PASS,503.74,NA
< 15M03351,manta,13,78887238,78887239,A,BND,-,PASS,503.74,NA
< 15M03351,manta,13,78887238,78887239,A,BND,-,PASS,503.74,NA
< 15M03351,manta,17,41557071,57986561,A,INV,-,PASS,503.74,NA
< 15M03351,manta,19,27731958,27731959,C,BND,-,PASS,503.74,NA
< 15M03351,manta,19,45873725,45873726,C,BND,-,PASS,503.74,NA
< 15M03351,manta,X,112235661,112235662,T,BND,-,PASS,503.74,NA
< 15M03351,exomeDepth,NA,NA,NA,NA,NA,NA,PASS,503.74,NA
< 19M14609,manta,2,29451762,33141390,C,DUP,-,PASS,701.34,NA
< 19M14609,manta,2,33141285,33141286,G,BND,-,PASS,701.34,NA
< 19M14609,manta,2,33141287,33141288,G,BND,-,PASS,701.34,NA
< 19M14609,manta,2,33141292,33141293,G,BND,-,PASS,701.34,NA
< 19M14609,manta,2,33141396,170976156,G,INV,-,PASS,701.34,TMEM127
< 19M14609,manta,2,33141439,33141440,G,BND,-,PASS,701.34,NA
< 19M14609,manta,3,10088266,11911936,G,DUP,-,PASS,701.34,VHL
< 19M14609,manta,3,25802450,39211176,T,DEL,-,PASS,701.34,MLH1
< 19M14609,manta,4,19079519,19079520,T,BND,-,PASS,701.34,NA
< 19M14609,manta,4,49104106,49104431,TACATTCCACTCGGGTTGTATCCATTCCTTTCCATTCCAATCCATTCCATTCCTTTCCAATCCATTCCATTCCATTCAATTCCACATGGATTCATTCTATTCTTTCCATTCCATTCCGTTCTGTTCCATTCCAGTCCATTCCATTAGATACCATTCCATTCCACTCGGGGTGATTCCATTCAATTCCATTAAATTCCGTTCAATTCCATTGCATTCCATTCCATTCCATTCCACTCGGGTGGATTCCATTCCATTCCACTCCATTCCATTCCATTCCATTCCATTCCATTCCATTCCACTCGGGTTGATTCCAGTCCGTTCCTTTC,DEL,-,PASS,701.34,NA
< 19M14609,manta,4,49104467,49104532,CATTCCATTCCATTCCATTCCAATCCATTCCATTCCACTCCACTCCGGTTGATTCCATTCCATTCT,DEL,-,PASS,701.34,NA
< 19M14609,manta,4,82515449,82515450,T,BND,-,PASS,701.34,NA
< 19M14609,manta,6,32592405,32592535,TTTTTTTTTTTTTTGGATTTGTCTTTTTTTTTTATTATACTTTAAGTTTTAGGGTACATGTGCACATTGTGTAGGTTAGTTACATATGTATACATGTGCCATGCTGGTGCGCTGCACCCACTAACTCGTAA,DEL,-,PASS,701.34,NA
< 19M14609,manta,6,78967191,79036414,T,DEL,-,PASS,701.34,NA
< 19M14609,manta,7,55086795,55086796,C,BND,-,PASS,701.34,NA
< 19M14609,manta,10,43611978,43611979,G,BND,-,PASS,701.34,RET
< 19M14609,manta,11,32456934,32456935,G,BND,-,PASS,701.34,NA
< 19M14609,manta,13,78887238,78887239,A,BND,-,PASS,701.34,NA
< 19M14609,manta,13,78887238,78887239,A,BND,-,PASS,701.34,NA
< 19M14609,manta,17,29422141,29422142,C,BND,-,PASS,701.34,NA
< 19M14609,manta,17,41557015,57986545,A,INV,-,PASS,701.34,NA
< 19M14609,manta,Y,13804727,58974795,G,INV,-,PASS,701.34,NA
< 19M14609,exomeDepth,NA,NA,NA,NA,NA,NA,PASS,701.34,NA
---
> 19M14559,manta,1,22381427,22381428,T,BND,-,PASS,328.58,NA
> 19M14559,manta,1,121485422,121485423,G,BND,-,PASS,328.58,NA
> 19M14559,manta,1,162514520,162514521,G,BND,-,PASS,328.58,NA
> 19M14559,manta,2,33141284,33141285,G,BND,-,PASS,328.58,NA
> 19M14559,manta,2,33141294,33141295,G,BND,-,PASS,328.58,NA
> 19M14559,manta,2,33141394,33141395,G,BND,-,PASS,328.58,NA
> 19M14559,manta,2,92305715,92306054,GATACTTTGCTGGCTTTGAGGATTTCGTTGGAAACGGGAATACATATAAAAAGCAGACAGCAGCGTTGTGAGAAACTTCTTTGTGATGTTTGCATTCAAGTCACAGAGTTGAACGTTCCGTATCATAGAGCAGGTTGGAAACATGCCTTTTGTCATATCTGGAAGTGTCCATTTGAAGCGCATTCAACCTTGTGTTGAAAAAGGAAATACCTTCCAATAGAAACCAGACAGAAGCATTCTCAGAAACTTATTTGTGATGTGTGTACTCAAATAACAGAATTCAACAATCGTTTTGAAGGAGCAGTTTTGAAACACTCTTTTTGTGGAATCTGCAAGTGCA,DEL,-,PASS,328.58,NA
> 19M14559,manta,3,10088266,11911936,G,DUP,-,PASS,328.58,VHL
> 19M14559,manta,3,25802430,39211156,A,DEL,-,PASS,328.58,MLH1
> 19M14559,manta,4,49104881,49105026,CATTCCATTCCATTGCATTCCATTCCATTCCACTCGTGTTGATTCCCTTCCATTCCATTCCATTCCATTCCACTCCATTCCACTTGGGTTGATTCCATTCCGTTCCTTTCCATTTCATTCCATACCATTCCATTCCATTCCATACC,DEL,-,PASS,328.58,NA
> 19M14559,manta,4,49110473,49110626,CCATTCCATTCCATTCCATTCCATTCCATTCGTGTTGATTCCATTGCATTCCATTCCATTCCACTCCATTCCATTCCATTTCATTCCATTCCAGTTGATTCCATTCCTTTCCATTCCATTCCTTTCCATTCCATTCCATTCCATTCTACTCGGT,DEL,-,PASS,328.58,NA
> 19M14559,manta,5,67151891,151180503,T,INV,-,PASS,328.58,APC
> 19M14559,manta,10,42600079,42600131,ACGAATGGAATCGTCATCGAATGGAATCGAATGGAATCATCAAATGGGATCAG,DEL,-,PASS,328.58,NA
> 19M14559,manta,11,32457008,32457009,G,BND,-,PASS,328.58,NA
> 19M14559,manta,16,3647741,3647742,A,BND,-,PASS,328.58,NA
> 19M14559,manta,17,41557039,57986569,C,INV,-,PASS,328.58,RAD51C
> 19M14559,manta,17,54445637,54445638,C,BND,-,PASS,328.58,NA
> 19M14559,manta,18,19318848,19318849,A,BND,-,PASS,328.58,NA
> 19M14559,manta,19,27731953,27731954,A,BND,-,PASS,328.58,NA
> 19M14559,manta,19,45873706,45873707,C,BND,-,PASS,328.58,NA
> 19M14559,exomeDepth,NA,NA,NA,NA,NA,NA,PASS,328.58,NA
> 19M14627,manta,1,52433233,52433234,A,BND,-,PASS,421.44,NA
> 19M14627,manta,1,121484057,121485416,A,DUP,-,PASS,421.44,NA
> 19M14627,manta,1,162514473,162514474,T,BND,-,PASS,421.44,NA
> 19M14627,manta,2,33141274,33141275,G,BND,-,PASS,421.44,NA
> 19M14627,manta,2,33141277,33141278,G,BND,-,PASS,421.44,NA
> 19M14627,manta,2,33141397,33141398,G,BND,-,PASS,421.44,NA
> 19M14627,manta,3,10088266,11911936,G,DUP,-,PASS,421.44,VHL
> 19M14627,manta,3,10106597,11925610,T,DEL,-,PASS,421.44,VHL
> 19M14627,manta,3,25802432,39211153,T,DEL,-,PASS,421.44,MLH1
> 19M14627,manta,4,49110401,49110691,TACCATTCCACTCGGGTTGATTCCATACCATTCCATTCCATTCCACTCGGGTTGATTCCATTCCATTCCATTCCATTCCATTCCATTCCATTCCATTCCATTCGTGTTGATTCCATTGCATTCCATTCCATTCCACTCCATTCCATTCCATTTCATTCCATTCCAGTTGATTCCATTCCTTTCCATTCCATTCCTTTCCATTCCATTCCATTCCATTCTACTCGGTTTGATTCCATTCCATTCCATTTCATTCCATTCGATTTCATTCCACTGGTGTTTATTCCATTCCAC,DEL,-,PASS,421.44,NA
> 19M14627,manta,10,42398735,42399415,GAATCATTCTCAGAAACTACTTTGTGATGTGTGTGTTCAACTCACAGAGTTTAACATTTCTGTTCATAGAGCAGTTTGGAAACACTCTGTTTGTTAAGTCTGCAAGTGGATATTTGGACCTCTTTGAGGCCTTCGTTGGAAATGGGATTTCTTCATATAATGCTAGACAGAAGAATTCTTAGTAACTTCTTTGGGTTGGCTGTATTCAACTCACAGAGTTGAACCTTCGTTTAGACAGAGCAGATTTGAAACACTCTTTTTGTGGAATTTGCAAGTGGAGATTTCAAGAGTTTTCAGGCCGATGGTAGAAAAGGAAATTTCTTCGTATAAAAACTAGACAGAATCATTCTCAGAAACTTCTTTGTGATGTGTACATTCAACTCGCAGAGTTTAACCATCCTTTTCATAGAGCAGTTTGGAAAATCTCTGTTTGTAAAGTCTGCAAGTGGATATTTGGACCTCCTTCAGGGCTTCGTTGGAACGGGGTTTCTTCATATAATGCTAGACAGAAGAATTCTCAGTTACTTCTTTGTGTTGTGTGTATTCAACTCACAGAGTTGAACCTTCCTTTAGACAGACCAGATTTGAAACACTCTTTTTGTGGAATTTTCAAGTGGAGATTTCAATCGCTTTGAGGCCAATTGTAGGAAAGGAAATATCTTCTTATAAAAACTAGACAAA,DEL,-,PASS,421.44,NA
> 19M14627,manta,11,32456975,32456976,G,BND,-,PASS,421.44,NA
> 19M14627,manta,11,121195038,121195039,C,BND,-,PASS,421.44,NA
> 19M14627,manta,15,77910871,77910872,T,BND,-,PASS,421.44,NA
> 19M14627,manta,16,3647741,3647742,A,BND,-,PASS,421.44,NA
> 19M14627,manta,17,41557048,57986563,A,INV,-,PASS,421.44,RAD51C
> 19M14627,manta,18,19318801,19318802,A,BND,-,PASS,421.44,NA
> 19M14627,manta,19,24595029,24596057,A,DEL,-,PASS,421.44,NA
> 19M14627,manta,19,45873719,45873720,G,BND,-,PASS,421.44,NA
> 19M14627,manta,19,48560739,48560740,T,BND,-,PASS,421.44,NA
> 19M14627,exomeDepth,NA,NA,NA,NA,NA,NA,PASS,421.44,NA
180c144
< 19M14633,manta,17,41557051,57986567,A,INV,-,PASS,383.65,NA
---
> 19M14633,manta,17,41557051,57986567,A,INV,-,PASS,383.65,RAD51C
188,269c152,208
< 19M14627,manta,1,52433233,52433234,A,BND,-,PASS,421.44,NA
< 19M14627,manta,1,121484057,121485416,A,DUP,-,PASS,421.44,NA
< 19M14627,manta,1,162514473,162514474,T,BND,-,PASS,421.44,NA
< 19M14627,manta,2,33141274,33141275,G,BND,-,PASS,421.44,NA
< 19M14627,manta,2,33141277,33141278,G,BND,-,PASS,421.44,NA
< 19M14627,manta,2,33141397,33141398,G,BND,-,PASS,421.44,NA
< 19M14627,manta,3,10088266,11911936,G,DUP,-,PASS,421.44,VHL
< 19M14627,manta,3,10106597,11925610,T,DEL,-,PASS,421.44,VHL
< 19M14627,manta,3,25802432,39211153,T,DEL,-,PASS,421.44,MLH1
< 19M14627,manta,4,49110401,49110691,TACCATTCCACTCGGGTTGATTCCATACCATTCCATTCCATTCCACTCGGGTTGATTCCATTCCATTCCATTCCATTCCATTCCATTCCATTCCATTCCATTCGTGTTGATTCCATTGCATTCCATTCCATTCCACTCCATTCCATTCCATTTCATTCCATTCCAGTTGATTCCATTCCTTTCCATTCCATTCCTTTCCATTCCATTCCATTCCATTCTACTCGGTTTGATTCCATTCCATTCCATTTCATTCCATTCGATTTCATTCCACTGGTGTTTATTCCATTCCAC,DEL,-,PASS,421.44,NA
< 19M14627,manta,10,42398735,42399415,GAATCATTCTCAGAAACTACTTTGTGATGTGTGTGTTCAACTCACAGAGTTTAACATTTCTGTTCATAGAGCAGTTTGGAAACACTCTGTTTGTTAAGTCTGCAAGTGGATATTTGGACCTCTTTGAGGCCTTCGTTGGAAATGGGATTTCTTCATATAATGCTAGACAGAAGAATTCTTAGTAACTTCTTTGGGTTGGCTGTATTCAACTCACAGAGTTGAACCTTCGTTTAGACAGAGCAGATTTGAAACACTCTTTTTGTGGAATTTGCAAGTGGAGATTTCAAGAGTTTTCAGGCCGATGGTAGAAAAGGAAATTTCTTCGTATAAAAACTAGACAGAATCATTCTCAGAAACTTCTTTGTGATGTGTACATTCAACTCGCAGAGTTTAACCATCCTTTTCATAGAGCAGTTTGGAAAATCTCTGTTTGTAAAGTCTGCAAGTGGATATTTGGACCTCCTTCAGGGCTTCGTTGGAACGGGGTTTCTTCATATAATGCTAGACAGAAGAATTCTCAGTTACTTCTTTGTGTTGTGTGTATTCAACTCACAGAGTTGAACCTTCCTTTAGACAGACCAGATTTGAAACACTCTTTTTGTGGAATTTTCAAGTGGAGATTTCAATCGCTTTGAGGCCAATTGTAGGAAAGGAAATATCTTCTTATAAAAACTAGACAAA,DEL,-,PASS,421.44,NA
< 19M14627,manta,11,32456975,32456976,G,BND,-,PASS,421.44,NA
< 19M14627,manta,11,121195038,121195039,C,BND,-,PASS,421.44,NA
< 19M14627,manta,15,77910871,77910872,T,BND,-,PASS,421.44,NA
< 19M14627,manta,16,3647741,3647742,A,BND,-,PASS,421.44,NA
< 19M14627,manta,17,41557048,57986563,A,INV,-,PASS,421.44,NA
< 19M14627,manta,18,19318801,19318802,A,BND,-,PASS,421.44,NA
< 19M14627,manta,19,24595029,24596057,A,DEL,-,PASS,421.44,NA
< 19M14627,manta,19,45873719,45873720,G,BND,-,PASS,421.44,NA
< 19M14627,manta,19,48560739,48560740,T,BND,-,PASS,421.44,NA
< 19M14627,exomeDepth,NA,NA,NA,NA,NA,NA,PASS,421.44,NA
< 19M14657,manta,1,52433241,52433242,T,BND,-,PASS,487.87,NA
< 19M14657,manta,1,113611322,113613777,T,DEL,-,PASS,487.87,NA
< 19M14657,manta,1,121484450,121484451,A,BND,-,PASS,487.87,NA
< 19M14657,manta,1,121484950,121485289,TTGTTCAACTCACAGAGTTTAACCTTTCTGTTCATAGAGCAGTTAGGAAACGCTCTGTTTGTAAAGTCTGTAAGTGGATATTCTGACATCTTGTGGCCTTCGTTGGAAACGGGATTTCTTCCTATTCTGCTAGACAGATGAATTCTCAGTAACTTCCTTGTGTTGTGTGTATTCAACTCACAGAGTTGAACGATCCTTTACACAGAGCAGACTTGAAACACTCTTTTTGTGGAATTTGCAAGTGGAGATTTCAGCCGCTTTGAGGTCAATGGTAGAAAAGGAAATATCTTCGTATAGAAACAAGACAGAATGATTCTCAGAAACTCCTTTGTGATGTGTG,DEL,-,PASS,487.87,NA
< 19M14657,manta,1,121485420,121485421,T,BND,-,PASS,487.87,NA
< 19M14657,manta,2,12114230,12114231,T,BND,-,PASS,487.87,NA
< 19M14657,manta,2,29451746,33141396,T,DUP,-,PASS,487.87,NA
< 19M14657,manta,2,33141253,33141254,C,BND,-,PASS,487.87,NA
< 19M14657,manta,2,33141288,33141289,G,BND,-,PASS,487.87,NA
< 19M14657,manta,2,89872133,89872283,CATTCCATTCCACTCGTGTTGATTCCATTCCATTCCATTCAACTCCGTTCCATTCCATTCCATTCCATTCCATTCCATTCCATTCCATTCCACTCAGATTGATTCCATTCCATTTCATTCCATTCCACTCCATTCCATTCGAATACTTTCC,DEL,-,PASS,487.87,NA
< 19M14657,manta,2,92315969,92316646,CCCAGAAACTTCTTTGTGATGTTTGCATTCAAGTCACACAGTTGAACATTCCCTTTCATAGAGCAGGTTTGAAACACTCTTTTTGTAGTATCTGGAAGTGGACATTTAGAGCGCTCTCAGGACTACGGTGAAAAAGGAAATATCTTCCAATAAAAGCTAGATAGAAGCAATGTCAGAAACTTTTTCATGATATATCTACTCAGCTAACAGAGTTCAACCTTTCTTTTGAGAGAGCAGTTTTGAAACACTCTTTTTGTGGAATCTGCAAGTGGATATTTGTCTAGATTTGAGGATTTCGTTGGAAACGGGATTACATATAAAAAGCAGACAGCAGCATTCCCAGAAACTACTTTGTGATGTTTGCATTCAAGTCACAGAGTTGAACATTCCCTTTCATAGAGCAGGTTTGAAACACTCTTTTTGTAGTATCTGGATGTGGACATTTGGCGCGCTTTCAGGCCTATGGTGAAAAAGGAAATATCTTCCCCTGAAAACTAGACAGAAGCATTCTCAGAAACTTATTTGTGATGTGCGCCCTCAACTAACAGTGTTGAAGCTTTCTTTTGATAGAGCAGTTTGGAAACACTCTTTTTGTGGAATCTGCAAGTGGATATTTGTCTAGCTTTGAGGATTTCGTTGGAAACGTGATTACATATTAAAAGCAGACAGCAGCATTCC,DEL,-,PASS,487.87,NA
< 19M14657,manta,3,10088266,11911936,G,DUP,-,PASS,487.87,VHL
< 19M14657,manta,3,25802438,39211210,T,DEL,-,PASS,487.87,MLH1
< 19M14657,manta,4,9736002,9736003,T,BND,-,PASS,487.87,NA
< 19M14657,manta,4,49094553,49094792,CATTCCATTCCGTTCCTTTCCAATCCGTGATATTCAACTAGCGTTGAATCCATTGCATTCCATTCCAATCCATTCCTCTCCATTCAATTCCTCTCTGATTTATTCTATTCCGTTCCATTCCATTCCGTTCTGTTACATTCTGTTCCATTGCCTTCCATACCATTCCATTCCACTCGGGATGTTTCCATTCTATTCCATTATATTACGTTTCATTCCATTGCATTCCATTCCATTCCATTC,DEL,-,PASS,487.87,NA
< 19M14657,manta,4,49151207,49151476,CACTCGCGTTGATTCCATTCCATTCCATTCCAATCCATTCCATTCCACTCCTTTCCATTCCTTTCCATTCGGGTTGATTCCATTCCATTCCGTTCCATTCCATTCCATTCCATACCATTCCACTAGGGTTGATACCATGCCATTCCATTCCATTCCATTCCATTCCATTCCACTCGGGTTGATTACATTCCATTCCATTCCAATCCATTCCATTCCATTCCATTCCATTCCATTCCATTCCATTCCATTCCATTCCATTCCATTCCATTC,DEL,-,PASS,487.87,NA
< 19M14657,manta,4,82515449,82515450,T,BND,-,PASS,487.87,NA
< 19M14657,manta,8,37050879,37051853,TGATTTTTGTAGGGGTGGGTTGCCCCTACACACCTGTGGGTGTTTCTCGTAAGGTGGGACGAGAGATTTGGAAAAGAAAAAGACACAGAGACAAAGTATAGAGAAAGAAATAAGGGGACCCGGGGAACCAGCGTTCAGCATATGGAGGATCCCGCCAGCCTCTGAGTTCCCTTAGTATTTATTGATCATCTGTGGGTGTTTCTCAAAGAGGGGGATGTGTCAGGGTCACAAGACAATTGTGGGGAGAGGGTCAGCAGACAAACACGTGAACAAAGGTCTTGGCATCATAGACAATGTAAAGGATTAAGTGCTGTGCTTTTAGATATGCATACACATAAACATCTCAGTGCTTTACAAAGCAGTATTGCTGCCCGCAGGTCCCACCTCCAGCCCTAAGGCGGTTTTTCCCTATCTCAGTAGATGGAGCATACAATCGGGTTTTATACCGAGACATTCCATTGCCCAGGGACAGGCAGGAGACAGATGCCTTCCTCTTGTCTCAACTGCAAGAGGCATTCCTTCCTCTTTTACTAATCCTCCTCAGCACAGACCCTTTACGGGTGTCGGGCTGGGGGACGGTCAGGTCTTTCCCTTCCCACGAGGCCATATTTCAGACTATCACATGGGGAGAAACCTTGGACAATACCTGGCTTTCCTAGGCAGAGGTCCCTGCGGCCTTCCGCAGTTTTTGTGTCCCTGGGTACTTGAGATTAGGGAGTGGTGATGACTCTTAAGGAGCATGCTGCCTTCAAGCATCTGTTTAACAAAGCACATCCTGCACCGCCCTTAATCCATTCAACTCTGAGTTGACACAGCACACGTTTCAGAGAGCACGGGGTTGGGGGTAAGGTCATAGATTAACAGAATCTCAAGGCAGAAGAATTTTTCTTAGTACATAACAAAATGGAGTCTCCTATGTCTACTTCTTTCTACACAGACACAGTAACAATCTGATCTCTCTTGCTTTTCCCCACA,DEL,-,PASS,487.87,NA
< 19M14657,manta,10,42600079,42600131,ACGAATGGAATCGTCATCGAATGGAATCGAATGGAATCATCAAATGGGATCAG,DEL,-,PASS,487.87,NA
< 19M14657,manta,11,1609048,1609049,A,BND,-,PASS,487.87,NA
< 19M14657,manta,11,17310099,17310100,C,BND,-,PASS,487.87,NA
< 19M14657,manta,11,32456945,32456946,C,BND,-,PASS,487.87,NA
< 19M14657,manta,11,121195026,121195027,C,BND,-,PASS,487.87,NA
< 19M14657,manta,13,78887238,78887239,A,BND,-,PASS,487.87,NA
< 19M14657,manta,13,78887271,78887272,A,BND,-,PASS,487.87,NA
< 19M14657,manta,15,77910871,77910872,T,BND,-,PASS,487.87,NA
< 19M14657,manta,17,41557069,57986560,A,INV,-,PASS,487.87,NA
< 19M14657,manta,17,57986588,57986589,T,BND,-,PASS,487.87,NA
< 19M14657,manta,18,19638687,19638688,A,BND,-,PASS,487.87,NA
< 19M14657,manta,19,27731957,27731958,T,BND,-,PASS,487.87,NA
< 19M14657,manta,19,27738556,27738557,C,BND,-,PASS,487.87,NA
< 19M14657,manta,19,45873687,45873688,T,BND,-,PASS,487.87,NA
< 19M14657,manta,19,48560739,48560740,T,BND,-,PASS,487.87,NA
< 19M14657,manta,X,56957317,56957318,T,BND,-,PASS,487.87,NA
< 19M14657,exomeDepth,NA,NA,NA,NA,NA,NA,PASS,487.87,NA
< 19M14706,manta,1,162514472,162514473,T,BND,-,PASS,562.72,NA
< 19M14706,manta,1,162514472,162514473,T,BND,-,PASS,562.72,NA
< 19M14706,manta,1,162514472,162514473,T,BND,-,PASS,562.72,NA
< 19M14706,manta,2,29451751,33141390,T,DUP,-,PASS,562.72,NA
< 19M14706,manta,2,33092018,33092019,T,BND,-,PASS,562.72,NA
< 19M14706,manta,2,33092195,33092196,T,BND,-,PASS,562.72,NA
< 19M14706,manta,2,33141293,33141294,G,BND,-,PASS,562.72,NA
< 19M14706,manta,2,33141402,170976147,G,INV,-,PASS,562.72,TMEM127
< 19M14706,manta,3,10035769,10089499,G,DEL,-,PASS,562.72,NA
< 19M14706,manta,3,10088266,11911936,G,DUP,-,PASS,562.72,VHL
< 19M14706,manta,3,25802446,39211193,T,DEL,-,PASS,562.72,MLH1
< 19M14706,manta,3,121667270,121667271,T,BND,-,PASS,562.72,NA
< 19M14706,manta,4,19079492,19079493,T,BND,-,PASS,562.72,NA
< 19M14706,exomeDepth,5,58407501,58408041,A,<DUP>,1,PASS,562.72,NA
< 19M14706,manta,6,78967191,79036414,T,DEL,-,PASS,562.72,NA
< 19M14706,manta,7,38975527,38975528,T,BND,-,PASS,562.72,NA
< 19M14706,manta,10,98389688,98389689,A,BND,-,PASS,562.72,NA
< 19M14706,manta,10,115897861,122791647,T,DEL,-,PASS,562.72,NA
< 19M14706,manta,11,32456980,32456981,T,BND,-,PASS,562.72,NA
< 19M14706,manta,12,66451462,66451463,T,BND,-,PASS,562.72,NA
< 19M14706,exomeDepth,13,48922822,48923429,T,<DEL>,1,PASS,562.72,NA
< 19M14706,manta,13,78887238,78887239,A,BND,-,PASS,562.72,NA
< 19M14706,manta,17,41557049,57986560,A,INV,-,PASS,562.72,NA
< 19M14706,manta,17,65993456,65993457,A,BND,-,PASS,562.72,NA
< 19M14706,manta,18,60730980,60730981,T,BND,-,PASS,562.72,NA
< 19M14706,manta,GL000235.1,7257,7258,A,BND,-,PASS,562.72,NA
---
> 19M14560,manta,1,62390961,62390962,G,BND,-,PASS,377.34,NA
> 19M14560,manta,1,113611322,113613777,T,DEL,-,PASS,377.34,NA
> 19M14560,manta,1,121485409,121485410,T,BND,-,PASS,377.34,NA
> 19M14560,manta,2,33092006,33092007,T,BND,-,PASS,377.34,NA
> 19M14560,manta,2,33141274,33141275,G,BND,-,PASS,377.34,NA
> 19M14560,manta,2,33141294,33141295,G,BND,-,PASS,377.34,NA
> 19M14560,manta,2,143202048,143202049,T,BND,-,PASS,377.34,NA
> 19M14560,manta,3,10088266,11911936,G,DUP,-,PASS,377.34,VHL
> 19M14560,manta,3,25802431,39211202,C,DEL,-,PASS,377.34,MLH1
> 19M14560,manta,3,121667270,121667271,T,BND,-,PASS,377.34,NA
> 19M14560,manta,4,19079519,19079520,T,BND,-,PASS,377.34,NA
> 19M14560,manta,4,49634651,49634726,GGAATGAAATGGAATGGAATGGAACGGAATCAACCCAAATGGAATGGAATGGAATGGAATGGAATGGAATGGAATG,DEL,-,PASS,377.34,NA
> 19M14560,manta,4,55721193,55721194,C,BND,-,PASS,377.34,NA
> 19M14560,manta,4,82515449,82515450,T,BND,-,PASS,377.34,NA
> 19M14560,manta,6,160521750,160521751,A,BND,-,PASS,377.34,NA
> 19M14560,manta,6,160521825,160521826,T,BND,-,PASS,377.34,NA
> 19M14560,manta,10,21317134,21317135,C,BND,-,PASS,377.34,NA
> 19M14560,manta,10,42364765,42365024,GTTTGATTCCATTCCATTCCATTCCATTCCATTCCATTCCATTCCATTCCACTCCATTCCATTCCATTCCATTCCACCCGGATTGATTCCTTTCCATTCCATTTTAATCCATTCCATTCCACTCCTTTCCACTGGGGTTGATTCCATTCCATTCCATTCCATTCCATTTCATTTCTTTCCATTCCATTCCAGTTGATTCTTATGCCTTCCATTCCATTCCATTCCATTGTATTCCATTCCATTCCATTCCATTGTATTCC,DEL,-,PASS,377.34,NA
> 19M14560,manta,10,42600079,42600131,ACGAATGGAATCGTCATCGAATGGAATCGAATGGAATCATCAAATGGGATCAG,DEL,-,PASS,377.34,NA
> 19M14560,manta,10,98389675,98389676,A,BND,-,PASS,377.34,NA
> 19M14560,manta,10,115897797,115897798,A,BND,-,PASS,377.34,NA
> 19M14560,manta,11,32456997,32456998,G,BND,-,PASS,377.34,NA
> 19M14560,manta,12,66451462,66451463,T,BND,-,PASS,377.34,NA
> 19M14560,manta,12,86254222,86254223,G,BND,-,PASS,377.34,NA
> 19M14560,manta,13,78887238,78887239,A,BND,-,PASS,377.34,NA
> 19M14560,manta,13,78887238,78887239,A,BND,-,PASS,377.34,NA
> 19M14560,manta,13,78887238,78887239,A,BND,-,PASS,377.34,NA
> 19M14560,manta,13,78887238,78887239,A,BND,-,PASS,377.34,NA
> 19M14560,manta,17,41557040,57986569,A,INV,-,PASS,377.34,RAD51C
> 19M14560,manta,19,27731957,27731958,T,BND,-,PASS,377.34,NA
> 19M14560,manta,19,45873688,45873689,T,BND,-,PASS,377.34,NA
> 19M14560,manta,20,29829496,29829551,TGGAATGGAATGGAATGGAATGCAATGGAATGGAATGGAATGCAATGGAATGGAAT,DEL,-,PASS,377.34,NA
> 19M14560,manta,20,29829594,29829655,AATGGAATGGAATGCAATGGAATGGAATGGAATGGAATGCAATGGAATGGAATGGAATGGAA,DEL,-,PASS,377.34,NA
> 19M14560,exomeDepth,NA,NA,NA,NA,NA,NA,PASS,377.34,NA
> 19M14609,manta,2,29451762,33141390,C,DUP,-,PASS,701.34,NA
> 19M14609,manta,2,33141285,33141286,G,BND,-,PASS,701.34,NA
> 19M14609,manta,2,33141287,33141288,G,BND,-,PASS,701.34,NA
> 19M14609,manta,2,33141292,33141293,G,BND,-,PASS,701.34,NA
> 19M14609,manta,2,33141396,170976156,G,INV,-,PASS,701.34,TMEM127
> 19M14609,manta,2,33141439,33141440,G,BND,-,PASS,701.34,NA
> 19M14609,manta,3,10088266,11911936,G,DUP,-,PASS,701.34,VHL
> 19M14609,manta,3,25802450,39211176,T,DEL,-,PASS,701.34,MLH1
> 19M14609,manta,4,19079519,19079520,T,BND,-,PASS,701.34,NA
> 19M14609,manta,4,49104106,49104431,TACATTCCACTCGGGTTGTATCCATTCCTTTCCATTCCAATCCATTCCATTCCTTTCCAATCCATTCCATTCCATTCAATTCCACATGGATTCATTCTATTCTTTCCATTCCATTCCGTTCTGTTCCATTCCAGTCCATTCCATTAGATACCATTCCATTCCACTCGGGGTGATTCCATTCAATTCCATTAAATTCCGTTCAATTCCATTGCATTCCATTCCATTCCATTCCACTCGGGTGGATTCCATTCCATTCCACTCCATTCCATTCCATTCCATTCCATTCCATTCCATTCCACTCGGGTTGATTCCAGTCCGTTCCTTTC,DEL,-,PASS,701.34,NA
> 19M14609,manta,4,49104467,49104532,CATTCCATTCCATTCCATTCCAATCCATTCCATTCCACTCCACTCCGGTTGATTCCATTCCATTCT,DEL,-,PASS,701.34,NA
> 19M14609,manta,4,82515449,82515450,T,BND,-,PASS,701.34,NA
> 19M14609,manta,6,32592405,32592535,TTTTTTTTTTTTTTGGATTTGTCTTTTTTTTTTATTATACTTTAAGTTTTAGGGTACATGTGCACATTGTGTAGGTTAGTTACATATGTATACATGTGCCATGCTGGTGCGCTGCACCCACTAACTCGTAA,DEL,-,PASS,701.34,NA
> 19M14609,manta,6,78967191,79036414,T,DEL,-,PASS,701.34,NA
> 19M14609,manta,7,55086795,55086796,C,BND,-,PASS,701.34,NA
> 19M14609,manta,10,43611978,43611979,G,BND,-,PASS,701.34,RET
> 19M14609,manta,11,32456934,32456935,G,BND,-,PASS,701.34,NA
> 19M14609,manta,13,78887238,78887239,A,BND,-,PASS,701.34,NA
> 19M14609,manta,13,78887238,78887239,A,BND,-,PASS,701.34,NA
> 19M14609,manta,17,29422141,29422142,C,BND,-,PASS,701.34,NA
> 19M14609,manta,17,41557015,57986545,A,INV,-,PASS,701.34,RAD51C
> 19M14609,manta,Y,13804727,58974795,G,INV,-,PASS,701.34,NA
> 19M14609,exomeDepth,NA,NA,NA,NA,NA,NA,PASS,701.34,NA
322c261
< 19M14651,manta,17,41557033,57986548,A,INV,-,PASS,654.26,NA
---
> 19M14651,manta,17,41557033,57986548,A,INV,-,PASS,654.26,RAD51C
324c263
< 19M14651,exomeDepth,17,59870688,59886388,C,<DEL>,4,R2<0.98,654.26,NA
---
> 19M14651,exomeDepth,17,59870688,59886388,C,<DEL>,4,R2<0.98,654.26,BRIP1
328a268,293
> 19M14706,manta,1,162514472,162514473,T,BND,-,PASS,562.72,NA
> 19M14706,manta,1,162514472,162514473,T,BND,-,PASS,562.72,NA
> 19M14706,manta,1,162514472,162514473,T,BND,-,PASS,562.72,NA
> 19M14706,manta,2,29451751,33141390,T,DUP,-,PASS,562.72,NA
> 19M14706,manta,2,33092018,33092019,T,BND,-,PASS,562.72,NA
> 19M14706,manta,2,33092195,33092196,T,BND,-,PASS,562.72,NA
> 19M14706,manta,2,33141293,33141294,G,BND,-,PASS,562.72,NA
> 19M14706,manta,2,33141402,170976147,G,INV,-,PASS,562.72,TMEM127
> 19M14706,manta,3,10035769,10089499,G,DEL,-,PASS,562.72,NA
> 19M14706,manta,3,10088266,11911936,G,DUP,-,PASS,562.72,VHL
> 19M14706,manta,3,25802446,39211193,T,DEL,-,PASS,562.72,MLH1
> 19M14706,manta,3,121667270,121667271,T,BND,-,PASS,562.72,NA
> 19M14706,manta,4,19079492,19079493,T,BND,-,PASS,562.72,NA
> 19M14706,exomeDepth,5,58407501,58408041,A,<DUP>,1,PASS,562.72,NA
> 19M14706,manta,6,78967191,79036414,T,DEL,-,PASS,562.72,NA
> 19M14706,manta,7,38975527,38975528,T,BND,-,PASS,562.72,NA
> 19M14706,manta,10,98389688,98389689,A,BND,-,PASS,562.72,NA
> 19M14706,manta,10,115897861,122791647,T,DEL,-,PASS,562.72,NA
> 19M14706,manta,11,32456980,32456981,T,BND,-,PASS,562.72,NA
> 19M14706,manta,12,66451462,66451463,T,BND,-,PASS,562.72,NA
> 19M14706,exomeDepth,13,48922822,48923429,T,<DEL>,1,PASS,562.72,NA
> 19M14706,manta,13,78887238,78887239,A,BND,-,PASS,562.72,NA
> 19M14706,manta,17,41557049,57986560,A,INV,-,PASS,562.72,RAD51C
> 19M14706,manta,17,65993456,65993457,A,BND,-,PASS,562.72,NA
> 19M14706,manta,18,60730980,60730981,T,BND,-,PASS,562.72,NA
> 19M14706,manta,GL000235.1,7257,7258,A,BND,-,PASS,562.72,NA
363c328
< 19M14757,manta,17,41557047,57986566,A,INV,-,PASS,554.54,NA
---
> 19M14757,manta,17,41557047,57986566,A,INV,-,PASS,554.54,RAD51C
372,493d336
< 19M14902,manta,1,52433231,52433232,T,BND,-,PASS,263.84,NA
< 19M14902,manta,1,121484950,121485289,TTGTTCAACTCACAGAGTTTAACCTTTCTGTTCATAGAGCAGTTAGGAAACGCTCTGTTTGTAAAGTCTGTAAGTGGATATTCTGACATCTTGTGGCCTTCGTTGGAAACGGGATTTCTTCCTATTCTGCTAGACAGATGAATTCTCAGTAACTTCCTTGTGTTGTGTGTATTCAACTCACAGAGTTGAACGATCCTTTACACAGAGCAGACTTGAAACACTCTTTTTGTGGAATTTGCAAGTGGAGATTTCAGCCGCTTTGAGGTCAATGGTAGAAAAGGAAATATCTTCGTATAGAAACAAGACAGAATGATTCTCAGAAACTCCTTTGTGATGTGTG,DEL,-,PASS,263.84,NA
< 19M14902,manta,1,162514472,162514473,T,BND,-,PASS,263.84,NA
< 19M14902,manta,2,33141281,33141282,C,BND,-,PASS,263.84,NA
< 19M14902,manta,2,33141285,33141286,G,BND,-,PASS,263.84,NA
< 19M14902,manta,2,33141410,33141411,G,BND,-,PASS,263.84,NA
< 19M14902,manta,3,25802431,39211160,C,DEL,-,PASS,263.84,MLH1
< 19M14902,manta,3,121667269,121667270,C,BND,-,PASS,263.84,NA
< 19M14902,manta,3,121667271,121667272,T,BND,-,PASS,263.84,NA
< 19M14902,manta,6,160521742,160521743,A,BND,-,PASS,263.84,NA
< 19M14902,manta,6,160521839,160521840,T,BND,-,PASS,263.84,NA
< 19M14902,manta,7,107410714,107410715,T,BND,-,PASS,263.84,NA
< 19M14902,manta,9,598621,598622,T,BND,-,PASS,263.84,NA
< 19M14902,manta,9,129745208,129745209,T,BND,-,PASS,263.84,NA
< 19M14902,manta,10,42364564,42365071,CACGTGGGTTGATTCCATTCCATTCCATTACATTCCTTTCCGTTCCATTCCATTCATTTCCATTCCACTTGAGTTGATTCCATTCCATTCCATTCCATTCCGTTCCATTCCATTCCAGTCCATTCGGGTTGATTCCATTCCATTCCATTCCTTTCCATTCCTTTCCATTCATTTCCATTCCATTCCATTCCATTCTATTCGGTTTGATTCCATTCCATTCCATTCCATTCCATTCCATTCCATTCCATTCCACTCCATTCCATTCCATTCCATTCCACCCGGATTGATTCCTTTCCATTCCATTTTAATCCATTCCATTCCACTCCTTTCCACTGGGGTTGATTCCATTCCATTCCATTCCATTCCATTTCATTTCTTTCCATTCCATTCCAGTTGATTCTTATGCCTTCCATTCCATTCCATTCCATTGTATTCCATTCCATTCCATTCCATTGTATTCCATTCCATTCCATTCCATTCCACTCGGGATGATTGCATTCCATTCCAT,DEL,-,PASS,263.84,NA
< 19M14902,manta,10,42600079,42600131,ACGAATGGAATCGTCATCGAATGGAATCGAATGGAATCATCAAATGGGATCAG,DEL,-,PASS,263.84,NA
< 19M14902,manta,10,89652739,89653819,T,DUP,-,PASS,263.84,PTEN
< 19M14902,manta,10,89652823,89653722,CTTTTGACTCCCCAAAACTTAATATTTAGCCTATACTTGACTAGAAGTCTTACTGATGACATAATGTTCGTTAATACATATTTTATATATGTGTCAGATAGCATATTTGTATAATAAAGTAAGCTGCAGGAAAAATATTAAAATCATAAAGAAGAGAAAATATACTTACTATTCATTAAGTGGAAGTGGATCCTCATAAAGGTCTTCATCCTCACTGCCTTCACTTTGAGTAGGCCGAGGAGTAGGAGAGAGAGGAAAGGTCAGACTTGCTGTCTCATGGGTGGCAGAGGTAGAAGAAGGTCCACATACAAGTGGTCCGACACAGCTCAAACCGGTTTTGTTCATTGGCCAACTGTAGTTTGATTGAAAGTAATAATAAATGAAGTTTCTGCCTCAGTTCAGTATTATCAAGTCATAGATAGCAAGGGCTGGAAGAAACCTTAGTAGTAATCTCTTTGAGTCTAATTATCATGTAGAATAGGAAATTGCGGTCTAGAAAGGTTAAGTGACTTGTCCAAATTACACAACTAGTTAGAGACATAGCCAGCTCTTAAATCTGACTTCCAGATTTTCACTGTGTCTTCTTTTTTCTGTAACGTGTTGCCTTTTTTAGCCATGAAAAATTAGAAGTTGAACTCTTGTCTTTTCAGGCAGGTGTCAATTTTGGGGTTTTGTTTTGATTTTTGGTTTTTGACATAAAGTACTTTAGTTCTGTGATGTATAAACCGTGAGTTTCTGTTTTTCTCATATACCTGAATACTGTCCATGTGGAAGTTACCTTTTATCTTTACCAGTATTAACACATAAATGGTTATACATAAATACATTGACCACCTTTTATTACTCCAGCTATAGTGGGGAAAACTTTCTTTTCATAACTAGCTAATGTTTTAAAAAGTA,DEL,-,PASS,263.84,PTEN
< 19M14902,manta,10,98389653,98389654,T,BND,-,PASS,263.84,NA
< 19M14902,manta,10,98389689,98389690,A,BND,-,PASS,263.84,NA
< 19M14902,manta,11,17310101,17310102,T,BND,-,PASS,263.84,NA
< 19M14902,manta,11,17310130,17310131,C,BND,-,PASS,263.84,NA
< 19M14902,manta,11,32457007,32457008,T,BND,-,PASS,263.84,NA
< 19M14902,manta,11,121195034,121195035,G,BND,-,PASS,263.84,NA
< 19M14902,manta,12,66451373,66451374,T,BND,-,PASS,263.84,NA
< 19M14902,manta,15,77910868,77910869,T,BND,-,PASS,263.84,NA
< 19M14902,manta,16,3647734,3647735,T,BND,-,PASS,263.84,NA
< 19M14902,manta,16,46417478,46417608,GAATGGAAACATCGTCAAATGGAATGGAAAGGAATCATCGTCGAATGGAGTCGAATGGAATCATCAATGAATGAAATCGAATGGAATCATAATAGAACAGAATTGAATACAATCATCGTCGAATGGACTCT,DEL,-,PASS,263.84,NA
< 19M14902,manta,17,41557040,57986574,A,INV,-,PASS,263.84,NA
< 19M14902,manta,19,45873702,45873703,C,BND,-,PASS,263.84,NA
< 19M14902,manta,X,56957280,56957281,G,BND,-,PASS,263.84,NA
< 19M14902,manta,X,118061302,118061303,T,BND,-,PASS,263.84,NA
< 19M14902,exomeDepth,NA,NA,NA,NA,NA,NA,PASS,263.84,NA
< 19M14784,manta,1,113611322,113613777,T,DEL,-,PASS,468.64,NA
< 19M14784,manta,1,121484950,121485289,TTGTTCAACTCACAGAGTTTAACCTTTCTGTTCATAGAGCAGTTAGGAAACGCTCTGTTTGTAAAGTCTGTAAGTGGATATTCTGACATCTTGTGGCCTTCGTTGGAAACGGGATTTCTTCCTATTCTGCTAGACAGATGAATTCTCAGTAACTTCCTTGTGTTGTGTGTATTCAACTCACAGAGTTGAACGATCCTTTACACAGAGCAGACTTGAAACACTCTTTTTGTGGAATTTGCAAGTGGAGATTTCAGCCGCTTTGAGGTCAATGGTAGAAAAGGAAATATCTTCGTATAGAAACAAGACAGAATGATTCTCAGAAACTCCTTTGTGATGTGTG,DEL,-,PASS,468.64,NA
< 19M14784,manta,1,162514472,162514473,T,BND,-,PASS,468.64,NA
< 19M14784,manta,1,162514472,162514473,T,BND,-,PASS,468.64,NA
< 19M14784,manta,1,162514472,162514473,T,BND,-,PASS,468.64,NA
< 19M14784,manta,2,12114251,12114252,T,BND,-,PASS,468.64,NA
< 19M14784,manta,2,12114251,12114252,T,BND,-,PASS,468.64,NA
< 19M14784,manta,2,29451736,33141389,C,DUP,-,PASS,468.64,NA
< 19M14784,manta,2,33092041,33092042,T,BND,-,PASS,468.64,NA
< 19M14784,manta,2,33092153,33092154,T,BND,-,PASS,468.64,NA
< 19M14784,manta,2,33092195,33092196,T,BND,-,PASS,468.64,NA
< 19M14784,manta,2,33141257,33141258,C,BND,-,PASS,468.64,NA
< 19M14784,manta,2,33141288,33141289,G,BND,-,PASS,468.64,NA
< 19M14784,manta,2,33141397,170976151,G,INV,-,PASS,468.64,TMEM127
< 19M14784,manta,2,33141438,33141439,G,BND,-,PASS,468.64,NA
< 19M14784,manta,2,33141445,33141446,G,BND,-,PASS,468.64,NA
< 19M14784,manta,2,92305715,92306733,G,DEL,-,PASS,468.64,NA
< 19M14784,manta,2,92316307,92316646,CCCAGAAACTACTTTGTGATGTTTGCATTCAAGTCACAGAGTTGAACATTCCCTTTCATAGAGCAGGTTTGAAACACTCTTTTTGTAGTATCTGGATGTGGACATTTGGCGCGCTTTCAGGCCTATGGTGAAAAAGGAAATATCTTCCCCTGAAAACTAGACAGAAGCATTCTCAGAAACTTATTTGTGATGTGCGCCCTCAACTAACAGTGTTGAAGCTTTCTTTTGATAGAGCAGTTTGGAAACACTCTTTTTGTGGAATCTGCAAGTGGATATTTGTCTAGCTTTGAGGATTTCGTTGGAAACGTGATTACATATTAAAAGCAGACAGCAGCATTCC,DEL,-,PASS,468.64,NA
< 19M14784,manta,2,173179979,173186104,C,DEL,-,PASS,468.64,NA
< 19M14784,manta,3,10035769,10089499,G,DEL,-,PASS,468.64,NA
< 19M14784,manta,3,10088266,11911936,G,DUP,-,PASS,468.64,VHL
< 19M14784,manta,3,25802441,39211173,G,DEL,-,PASS,468.64,MLH1
< 19M14784,manta,3,121667270,121667271,T,BND,-,PASS,468.64,NA
< 19M14784,manta,3,134504464,134504465,T,BND,-,PASS,468.64,NA
< 19M14784,manta,4,19079501,19079502,T,BND,-,PASS,468.64,NA
< 19M14784,manta,4,19079519,19079520,T,BND,-,PASS,468.64,NA
< 19M14784,manta,4,49110034,49110335,CATTCCAGTCCATTGCATTAGATACCATTCCATTCCACTCGGGGTGATTCCATTCAATTCCATTATATTCCGTTCAATTCCATTGCATTCCATTCCATTCCATTCCACTCGGGTGGATTCCACTCCATTCCATTCCATTCCATTCCATTCCATTCCATTTCATTCCATTCCCCTCGGGTTGATTCCAGTCCGTTCCTTTCCATTTCATTCCATTCCATTCCACTCCATTCCATTCCATTCCATTCCATTCCATTCCATTCCATTCCATTCCAATCCATTCCATTCCACTCCACTCCGGTTGA,DEL,-,PASS,468.64,NA
< 19M14784,manta,4,49149451,49150235,TTCCATTCGAGTTGATTCCATTCTATTCCATTCCATTCCATTCCATTGGGGTTGATTCCATTCCATTCCATTCCATTCCATTCCATTCCATTCCATTCCATTCGACTCGGGTTGATTCCAATCCATTCCATTCCAATCCATTCCATTCCATTCCATTCCATTCCATTCCATTCCATTCCATTCCATTCTGGTTGATTCCATTCCGTTGAATTTCTTTCCATTCCAATCCATTCCATACCATTCGATTCCATTCCATTCCATTCCATTCCATTCTATTCCACTCGAGTTAATTCCATTCCTTTGAATTCCATTGCTTTCCATTCCATTCCATTCCTTTCCACTCAGGTTGATTCCATTCCATTCCATTCCAATGCATTCCATTCCAGTTGATACCATTGCATTGCATTGTTTCCATTCCGTTCCATTCCATTCCATTACATTACATTACATTCCACTCGGTTTTATTCATTTCCGTTCCATTCAATTCCATTCCATTCCATTCCATTCCATTCCATTCCTCTTGGGTTGATTCCATTCCAATCCATGCCCCTTTATTCCATTCCATTCCATTCCATTCCATTCCATTCCATTCCATACCATTCCACCAAAGTTGACTGCATGCTATTCCATTCCATTCCATTCTATTCCATTCCATTCCATTCCATTCCATTCCATTCCATTCCATTCCTTTCCACTCGGGTTGATTACATTCCATTCAATTCCGTTCCATTCCGTTCCGTTCCGTTCCATTCCATTCCATTCCATTTTATTCCATTGCATTCCAC,DEL,-,PASS,468.64,NA
< 19M14784,manta,4,49151032,49151172,CCTTCGGTTTGATTCCTTTCCATTCCATTCCATTCCATACCATTCCACTCCATTCCTTTCCATTCCATTCGGGTTGATTCCCTTCCATTCCGTTCCGTTCCATTCCATTCCACACCATTCCACTAGGGTTGATTCCATGCC,DEL,-,PASS,468.64,NA
< 19M14784,manta,6,160521741,160521742,A,BND,-,PASS,468.64,NA
< 19M14784,manta,6,160521839,160521840,T,BND,-,PASS,468.64,NA
< 19M14784,manta,7,36535487,36535487,C,INS,-,PASS,468.64,NA
< 19M14784,manta,7,70420967,70438887,T,INV,-,PASS,468.64,NA
< 19M14784,manta,7,107410714,107410715,T,BND,-,PASS,468.64,NA
< 19M14784,manta,7,118343816,118343817,T,BND,-,PASS,468.64,NA
< 19M14784,manta,8,56401202,56401518,TAAAAAGACCAATGGTGGCCGGGCGCGGTGGCTCACGCCTGTAATCCCAGCACTTTGGGAGGCCGAGGCGGGCGGATCACGAGGTCAGGAGATCGAGACCATCCCGGCTAAAACGGTGAAACCCCGTCTCTACTAAAAATACAAAAAATTAGCCGGGGTAGTGGCGGGCGCCTGTAGTCCCAGCTACTTGGGAGGCTGAGGCAGGAGAATGGCGTGAACCCGGGAGGCGGAGCTTGCAGTGAGCCGAGATCCCGCCACTGCACTCCAGCCTGGGCGACAGAGCGAGACTCCGTTTCAAAAAAAAAAAAAAAAAAAAA,DEL,-,PASS,468.64,NA
< 19M14784,manta,10,43611980,43611981,C,BND,-,PASS,468.64,RET
< 19M14784,manta,10,98389646,98389647,G,BND,-,PASS,468.64,NA
< 19M14784,manta,10,98389689,98389690,A,BND,-,PASS,468.64,NA
< 19M14784,manta,10,115897797,115897798,A,BND,-,PASS,468.64,NA
< 19M14784,manta,11,17310099,17310100,C,BND,-,PASS,468.64,NA
< 19M14784,manta,11,32456983,32456984,G,BND,-,PASS,468.64,NA
< 19M14784,manta,12,66451462,66451463,T,BND,-,PASS,468.64,NA
< 19M14784,manta,13,78887238,78887239,A,BND,-,PASS,468.64,NA
< 19M14784,manta,13,78887238,78887239,A,BND,-,PASS,468.64,NA
< 19M14784,manta,13,78887238,78887239,A,BND,-,PASS,468.64,NA
< 19M14784,manta,13,78887271,78887272,A,BND,-,PASS,468.64,NA
< 19M14784,manta,17,1258426,54445658,A,INV,-,PASS,468.64,TP53
< 19M14784,manta,17,57986588,57986589,T,BND,-,PASS,468.64,NA
< 19M14784,manta,18,19638687,19638688,A,BND,-,PASS,468.64,NA
< 19M14784,manta,19,45873700,45873701,C,BND,-,PASS,468.64,NA
< 19M14784,manta,21,10819469,10819625,TGGAATGCAATGGAATGGAATGGAATGGAATGCAATGGAATGGAATGGAATGGAATGGAATGCAATGGAATGGAATGGAATGCAATGGAATGGAATGGAATGGAATGCAACGGAATGGAATGGAATGGAATGGAATGGAATGGAATGGAATGGAATG,DEL,-,PASS,468.64,NA
< 19M14784,manta,X,56957313,56957314,T,BND,-,PASS,468.64,NA
< 19M14784,manta,X,132795634,132795635,C,BND,-,PASS,468.64,NA
< 19M14784,exomeDepth,NA,NA,NA,NA,NA,NA,PASS,468.64,NA
< 19M14780,manta,1,22381428,22381429,T,BND,-,PASS,448.01,NA
< 19M14780,manta,1,52433239,52433240,G,BND,-,PASS,448.01,NA
< 19M14780,manta,1,121485418,121485419,G,BND,-,PASS,448.01,NA
< 19M14780,manta,2,33092006,33092007,T,BND,-,PASS,448.01,NA
< 19M14780,manta,2,33092006,33092007,T,BND,-,PASS,448.01,NA
< 19M14780,manta,2,33141269,33141270,C,BND,-,PASS,448.01,NA
< 19M14780,manta,2,33141288,33141289,G,BND,-,PASS,448.01,NA
< 19M14780,manta,2,33141388,170976146,G,INV,-,PASS,448.01,TMEM127
< 19M14780,manta,2,238252240,238252241,T,BND,-,PASS,448.01,NA
< 19M14780,manta,3,25802438,39211155,T,DEL,-,PASS,448.01,MLH1
< 19M14780,manta,4,49637444,49637577,ATCAACCCGAGTGGAATGCAATGGAATGAAATGGAATGGAATGGAATGGAACGGAAAGGAACGGAATTGAATGGAATGGAATCAACACGAGTGGAAAGGAATGGAATGGAATGGAATGGAATGGAATGGAATGG,DEL,-,PASS,448.01,NA
< 19M14780,manta,4,82515449,82515450,T,BND,-,PASS,448.01,NA
< 19M14780,manta,6,32592405,32592535,TTTTTTTTTTTTTTGGATTTGTCTTTTTTTTTTATTATACTTTAAGTTTTAGGGTACATGTGCACATTGTGTAGGTTAGTTACATATGTATACATGTGCCATGCTGGTGCGCTGCACCCACTAACTCGTAA,DEL,-,PASS,448.01,NA
< 19M14780,manta,6,160521839,160521840,T,BND,-,PASS,448.01,NA
< 19M14780,manta,8,129465248,129465249,T,BND,-,PASS,448.01,NA
< 19M14780,manta,9,44875582,44878130,G,INV,-,PASS,448.01,NA
< 19M14780,manta,10,98389689,98389690,A,BND,-,PASS,448.01,NA
< 19M14780,manta,10,98389689,98389690,A,BND,-,PASS,448.01,NA
< 19M14780,manta,11,32456992,32456993,A,BND,-,PASS,448.01,NA
< 19M14780,manta,11,121195033,121195034,T,BND,-,PASS,448.01,NA
< 19M14780,manta,12,66451462,66451463,T,BND,-,PASS,448.01,NA
< 19M14780,manta,13,78887238,78887239,A,BND,-,PASS,448.01,NA
< 19M14780,manta,13,78887238,78887239,A,BND,-,PASS,448.01,NA
< 19M14780,manta,13,78887238,78887239,A,BND,-,PASS,448.01,NA
< 19M14780,manta,13,78887238,78887239,A,BND,-,PASS,448.01,NA
< 19M14780,manta,13,78887238,78887239,A,BND,-,PASS,448.01,NA
< 19M14780,manta,16,57374289,57374290,T,BND,-,PASS,448.01,NA
< 19M14780,exomeDepth,16,89882675,89883293,G,<DEL>,1,PASS,448.01,NA
< 19M14780,manta,17,41557036,57986566,C,INV,-,PASS,448.01,NA
< 19M14780,manta,17,54445637,54445638,C,BND,-,PASS,448.01,NA
< 19M14780,manta,18,19638687,19638688,A,BND,-,PASS,448.01,NA
< 19M14780,manta,19,27731955,27731956,T,BND,-,PASS,448.01,NA
< 19M14780,manta,19,45873697,45873698,C,BND,-,PASS,448.01,NA
< 19M14780,exomeDepth,22,24129087,24129719,T,<DEL>,1,PASS,448.01,SMARCB1
545,546c388,389
< 19M14762,manta,17,12881353,57986587,C,INV,-,PASS,775.59,NF1
< 19M14762,manta,17,41557007,57986542,T,INV,-,PASS,775.59,NA
---
> 19M14762,manta,17,12881353,57986587,C,INV,-,PASS,775.59,RAD51D
> 19M14762,manta,17,41557007,57986542,T,INV,-,PASS,775.59,RAD51C
556a400,556
> 19M14657,manta,1,52433241,52433242,T,BND,-,PASS,487.87,NA
> 19M14657,manta,1,113611322,113613777,T,DEL,-,PASS,487.87,NA
> 19M14657,manta,1,121484450,121484451,A,BND,-,PASS,487.87,NA
> 19M14657,manta,1,121484950,121485289,TTGTTCAACTCACAGAGTTTAACCTTTCTGTTCATAGAGCAGTTAGGAAACGCTCTGTTTGTAAAGTCTGTAAGTGGATATTCTGACATCTTGTGGCCTTCGTTGGAAACGGGATTTCTTCCTATTCTGCTAGACAGATGAATTCTCAGTAACTTCCTTGTGTTGTGTGTATTCAACTCACAGAGTTGAACGATCCTTTACACAGAGCAGACTTGAAACACTCTTTTTGTGGAATTTGCAAGTGGAGATTTCAGCCGCTTTGAGGTCAATGGTAGAAAAGGAAATATCTTCGTATAGAAACAAGACAGAATGATTCTCAGAAACTCCTTTGTGATGTGTG,DEL,-,PASS,487.87,NA
> 19M14657,manta,1,121485420,121485421,T,BND,-,PASS,487.87,NA
> 19M14657,manta,2,12114230,12114231,T,BND,-,PASS,487.87,NA
> 19M14657,manta,2,29451746,33141396,T,DUP,-,PASS,487.87,NA
> 19M14657,manta,2,33141253,33141254,C,BND,-,PASS,487.87,NA
> 19M14657,manta,2,33141288,33141289,G,BND,-,PASS,487.87,NA
> 19M14657,manta,2,89872133,89872283,CATTCCATTCCACTCGTGTTGATTCCATTCCATTCCATTCAACTCCGTTCCATTCCATTCCATTCCATTCCATTCCATTCCATTCCATTCCACTCAGATTGATTCCATTCCATTTCATTCCATTCCACTCCATTCCATTCGAATACTTTCC,DEL,-,PASS,487.87,NA
> 19M14657,manta,2,92315969,92316646,CCCAGAAACTTCTTTGTGATGTTTGCATTCAAGTCACACAGTTGAACATTCCCTTTCATAGAGCAGGTTTGAAACACTCTTTTTGTAGTATCTGGAAGTGGACATTTAGAGCGCTCTCAGGACTACGGTGAAAAAGGAAATATCTTCCAATAAAAGCTAGATAGAAGCAATGTCAGAAACTTTTTCATGATATATCTACTCAGCTAACAGAGTTCAACCTTTCTTTTGAGAGAGCAGTTTTGAAACACTCTTTTTGTGGAATCTGCAAGTGGATATTTGTCTAGATTTGAGGATTTCGTTGGAAACGGGATTACATATAAAAAGCAGACAGCAGCATTCCCAGAAACTACTTTGTGATGTTTGCATTCAAGTCACAGAGTTGAACATTCCCTTTCATAGAGCAGGTTTGAAACACTCTTTTTGTAGTATCTGGATGTGGACATTTGGCGCGCTTTCAGGCCTATGGTGAAAAAGGAAATATCTTCCCCTGAAAACTAGACAGAAGCATTCTCAGAAACTTATTTGTGATGTGCGCCCTCAACTAACAGTGTTGAAGCTTTCTTTTGATAGAGCAGTTTGGAAACACTCTTTTTGTGGAATCTGCAAGTGGATATTTGTCTAGCTTTGAGGATTTCGTTGGAAACGTGATTACATATTAAAAGCAGACAGCAGCATTCC,DEL,-,PASS,487.87,NA
> 19M14657,manta,3,10088266,11911936,G,DUP,-,PASS,487.87,VHL
> 19M14657,manta,3,25802438,39211210,T,DEL,-,PASS,487.87,MLH1
> 19M14657,manta,4,9736002,9736003,T,BND,-,PASS,487.87,NA
> 19M14657,manta,4,49094553,49094792,CATTCCATTCCGTTCCTTTCCAATCCGTGATATTCAACTAGCGTTGAATCCATTGCATTCCATTCCAATCCATTCCTCTCCATTCAATTCCTCTCTGATTTATTCTATTCCGTTCCATTCCATTCCGTTCTGTTACATTCTGTTCCATTGCCTTCCATACCATTCCATTCCACTCGGGATGTTTCCATTCTATTCCATTATATTACGTTTCATTCCATTGCATTCCATTCCATTCCATTC,DEL,-,PASS,487.87,NA
> 19M14657,manta,4,49151207,49151476,CACTCGCGTTGATTCCATTCCATTCCATTCCAATCCATTCCATTCCACTCCTTTCCATTCCTTTCCATTCGGGTTGATTCCATTCCATTCCGTTCCATTCCATTCCATTCCATACCATTCCACTAGGGTTGATACCATGCCATTCCATTCCATTCCATTCCATTCCATTCCACTCGGGTTGATTACATTCCATTCCATTCCAATCCATTCCATTCCATTCCATTCCATTCCATTCCATTCCATTCCATTCCATTCCATTCCATTCCATTC,DEL,-,PASS,487.87,NA
> 19M14657,manta,4,82515449,82515450,T,BND,-,PASS,487.87,NA
> 19M14657,manta,8,37050879,37051853,TGATTTTTGTAGGGGTGGGTTGCCCCTACACACCTGTGGGTGTTTCTCGTAAGGTGGGACGAGAGATTTGGAAAAGAAAAAGACACAGAGACAAAGTATAGAGAAAGAAATAAGGGGACCCGGGGAACCAGCGTTCAGCATATGGAGGATCCCGCCAGCCTCTGAGTTCCCTTAGTATTTATTGATCATCTGTGGGTGTTTCTCAAAGAGGGGGATGTGTCAGGGTCACAAGACAATTGTGGGGAGAGGGTCAGCAGACAAACACGTGAACAAAGGTCTTGGCATCATAGACAATGTAAAGGATTAAGTGCTGTGCTTTTAGATATGCATACACATAAACATCTCAGTGCTTTACAAAGCAGTATTGCTGCCCGCAGGTCCCACCTCCAGCCCTAAGGCGGTTTTTCCCTATCTCAGTAGATGGAGCATACAATCGGGTTTTATACCGAGACATTCCATTGCCCAGGGACAGGCAGGAGACAGATGCCTTCCTCTTGTCTCAACTGCAAGAGGCATTCCTTCCTCTTTTACTAATCCTCCTCAGCACAGACCCTTTACGGGTGTCGGGCTGGGGGACGGTCAGGTCTTTCCCTTCCCACGAGGCCATATTTCAGACTATCACATGGGGAGAAACCTTGGACAATACCTGGCTTTCCTAGGCAGAGGTCCCTGCGGCCTTCCGCAGTTTTTGTGTCCCTGGGTACTTGAGATTAGGGAGTGGTGATGACTCTTAAGGAGCATGCTGCCTTCAAGCATCTGTTTAACAAAGCACATCCTGCACCGCCCTTAATCCATTCAACTCTGAGTTGACACAGCACACGTTTCAGAGAGCACGGGGTTGGGGGTAAGGTCATAGATTAACAGAATCTCAAGGCAGAAGAATTTTTCTTAGTACATAACAAAATGGAGTCTCCTATGTCTACTTCTTTCTACACAGACACAGTAACAATCTGATCTCTCTTGCTTTTCCCCACA,DEL,-,PASS,487.87,NA
> 19M14657,manta,10,42600079,42600131,ACGAATGGAATCGTCATCGAATGGAATCGAATGGAATCATCAAATGGGATCAG,DEL,-,PASS,487.87,NA
> 19M14657,manta,11,1609048,1609049,A,BND,-,PASS,487.87,NA
> 19M14657,manta,11,17310099,17310100,C,BND,-,PASS,487.87,NA
> 19M14657,manta,11,32456945,32456946,C,BND,-,PASS,487.87,NA
> 19M14657,manta,11,121195026,121195027,C,BND,-,PASS,487.87,NA
> 19M14657,manta,13,78887238,78887239,A,BND,-,PASS,487.87,NA
> 19M14657,manta,13,78887271,78887272,A,BND,-,PASS,487.87,NA
> 19M14657,manta,15,77910871,77910872,T,BND,-,PASS,487.87,NA
> 19M14657,manta,17,41557069,57986560,A,INV,-,PASS,487.87,RAD51C
> 19M14657,manta,17,57986588,57986589,T,BND,-,PASS,487.87,NA
> 19M14657,manta,18,19638687,19638688,A,BND,-,PASS,487.87,NA
> 19M14657,manta,19,27731957,27731958,T,BND,-,PASS,487.87,NA
> 19M14657,manta,19,27738556,27738557,C,BND,-,PASS,487.87,NA
> 19M14657,manta,19,45873687,45873688,T,BND,-,PASS,487.87,NA
> 19M14657,manta,19,48560739,48560740,T,BND,-,PASS,487.87,NA
> 19M14657,manta,X,56957317,56957318,T,BND,-,PASS,487.87,NA
> 19M14657,exomeDepth,NA,NA,NA,NA,NA,NA,PASS,487.87,NA
> 19M14780,manta,1,22381428,22381429,T,BND,-,PASS,448.01,NA
> 19M14780,manta,1,52433239,52433240,G,BND,-,PASS,448.01,NA
> 19M14780,manta,1,121485418,121485419,G,BND,-,PASS,448.01,NA
> 19M14780,manta,2,33092006,33092007,T,BND,-,PASS,448.01,NA
> 19M14780,manta,2,33092006,33092007,T,BND,-,PASS,448.01,NA
> 19M14780,manta,2,33141269,33141270,C,BND,-,PASS,448.01,NA
> 19M14780,manta,2,33141288,33141289,G,BND,-,PASS,448.01,NA
> 19M14780,manta,2,33141388,170976146,G,INV,-,PASS,448.01,TMEM127
> 19M14780,manta,2,238252240,238252241,T,BND,-,PASS,448.01,NA
> 19M14780,manta,3,25802438,39211155,T,DEL,-,PASS,448.01,MLH1
> 19M14780,manta,4,49637444,49637577,ATCAACCCGAGTGGAATGCAATGGAATGAAATGGAATGGAATGGAATGGAACGGAAAGGAACGGAATTGAATGGAATGGAATCAACACGAGTGGAAAGGAATGGAATGGAATGGAATGGAATGGAATGGAATGG,DEL,-,PASS,448.01,NA
> 19M14780,manta,4,82515449,82515450,T,BND,-,PASS,448.01,NA
> 19M14780,manta,6,32592405,32592535,TTTTTTTTTTTTTTGGATTTGTCTTTTTTTTTTATTATACTTTAAGTTTTAGGGTACATGTGCACATTGTGTAGGTTAGTTACATATGTATACATGTGCCATGCTGGTGCGCTGCACCCACTAACTCGTAA,DEL,-,PASS,448.01,NA
> 19M14780,manta,6,160521839,160521840,T,BND,-,PASS,448.01,NA
> 19M14780,manta,8,129465248,129465249,T,BND,-,PASS,448.01,NA
> 19M14780,manta,9,44875582,44878130,G,INV,-,PASS,448.01,NA
> 19M14780,manta,10,98389689,98389690,A,BND,-,PASS,448.01,NA
> 19M14780,manta,10,98389689,98389690,A,BND,-,PASS,448.01,NA
> 19M14780,manta,11,32456992,32456993,A,BND,-,PASS,448.01,NA
> 19M14780,manta,11,121195033,121195034,T,BND,-,PASS,448.01,NA
> 19M14780,manta,12,66451462,66451463,T,BND,-,PASS,448.01,NA
> 19M14780,manta,13,78887238,78887239,A,BND,-,PASS,448.01,NA
> 19M14780,manta,13,78887238,78887239,A,BND,-,PASS,448.01,NA
> 19M14780,manta,13,78887238,78887239,A,BND,-,PASS,448.01,NA
> 19M14780,manta,13,78887238,78887239,A,BND,-,PASS,448.01,NA
> 19M14780,manta,13,78887238,78887239,A,BND,-,PASS,448.01,NA
> 19M14780,manta,16,57374289,57374290,T,BND,-,PASS,448.01,NA
> 19M14780,exomeDepth,16,89882675,89883293,G,<DEL>,1,PASS,448.01,NA
> 19M14780,manta,17,41557036,57986566,C,INV,-,PASS,448.01,RAD51C
> 19M14780,manta,17,54445637,54445638,C,BND,-,PASS,448.01,NA
> 19M14780,manta,18,19638687,19638688,A,BND,-,PASS,448.01,NA
> 19M14780,manta,19,27731955,27731956,T,BND,-,PASS,448.01,NA
> 19M14780,manta,19,45873697,45873698,C,BND,-,PASS,448.01,NA
> 19M14780,exomeDepth,22,24129087,24129719,T,<DEL>,1,PASS,448.01,SMARCB1
> 19M14784,manta,1,113611322,113613777,T,DEL,-,PASS,468.64,NA
> 19M14784,manta,1,121484950,121485289,TTGTTCAACTCACAGAGTTTAACCTTTCTGTTCATAGAGCAGTTAGGAAACGCTCTGTTTGTAAAGTCTGTAAGTGGATATTCTGACATCTTGTGGCCTTCGTTGGAAACGGGATTTCTTCCTATTCTGCTAGACAGATGAATTCTCAGTAACTTCCTTGTGTTGTGTGTATTCAACTCACAGAGTTGAACGATCCTTTACACAGAGCAGACTTGAAACACTCTTTTTGTGGAATTTGCAAGTGGAGATTTCAGCCGCTTTGAGGTCAATGGTAGAAAAGGAAATATCTTCGTATAGAAACAAGACAGAATGATTCTCAGAAACTCCTTTGTGATGTGTG,DEL,-,PASS,468.64,NA
> 19M14784,manta,1,162514472,162514473,T,BND,-,PASS,468.64,NA
> 19M14784,manta,1,162514472,162514473,T,BND,-,PASS,468.64,NA
> 19M14784,manta,1,162514472,162514473,T,BND,-,PASS,468.64,NA
> 19M14784,manta,2,12114251,12114252,T,BND,-,PASS,468.64,NA
> 19M14784,manta,2,12114251,12114252,T,BND,-,PASS,468.64,NA
> 19M14784,manta,2,29451736,33141389,C,DUP,-,PASS,468.64,NA
> 19M14784,manta,2,33092041,33092042,T,BND,-,PASS,468.64,NA
> 19M14784,manta,2,33092153,33092154,T,BND,-,PASS,468.64,NA
> 19M14784,manta,2,33092195,33092196,T,BND,-,PASS,468.64,NA
> 19M14784,manta,2,33141257,33141258,C,BND,-,PASS,468.64,NA
> 19M14784,manta,2,33141288,33141289,G,BND,-,PASS,468.64,NA
> 19M14784,manta,2,33141397,170976151,G,INV,-,PASS,468.64,TMEM127
> 19M14784,manta,2,33141438,33141439,G,BND,-,PASS,468.64,NA
> 19M14784,manta,2,33141445,33141446,G,BND,-,PASS,468.64,NA
> 19M14784,manta,2,92305715,92306733,G,DEL,-,PASS,468.64,NA
> 19M14784,manta,2,92316307,92316646,CCCAGAAACTACTTTGTGATGTTTGCATTCAAGTCACAGAGTTGAACATTCCCTTTCATAGAGCAGGTTTGAAACACTCTTTTTGTAGTATCTGGATGTGGACATTTGGCGCGCTTTCAGGCCTATGGTGAAAAAGGAAATATCTTCCCCTGAAAACTAGACAGAAGCATTCTCAGAAACTTATTTGTGATGTGCGCCCTCAACTAACAGTGTTGAAGCTTTCTTTTGATAGAGCAGTTTGGAAACACTCTTTTTGTGGAATCTGCAAGTGGATATTTGTCTAGCTTTGAGGATTTCGTTGGAAACGTGATTACATATTAAAAGCAGACAGCAGCATTCC,DEL,-,PASS,468.64,NA
> 19M14784,manta,2,173179979,173186104,C,DEL,-,PASS,468.64,NA
> 19M14784,manta,3,10035769,10089499,G,DEL,-,PASS,468.64,NA
> 19M14784,manta,3,10088266,11911936,G,DUP,-,PASS,468.64,VHL
> 19M14784,manta,3,25802441,39211173,G,DEL,-,PASS,468.64,MLH1
> 19M14784,manta,3,121667270,121667271,T,BND,-,PASS,468.64,NA
> 19M14784,manta,3,134504464,134504465,T,BND,-,PASS,468.64,NA
> 19M14784,manta,4,19079501,19079502,T,BND,-,PASS,468.64,NA
> 19M14784,manta,4,19079519,19079520,T,BND,-,PASS,468.64,NA
> 19M14784,manta,4,49110034,49110335,CATTCCAGTCCATTGCATTAGATACCATTCCATTCCACTCGGGGTGATTCCATTCAATTCCATTATATTCCGTTCAATTCCATTGCATTCCATTCCATTCCATTCCACTCGGGTGGATTCCACTCCATTCCATTCCATTCCATTCCATTCCATTCCATTTCATTCCATTCCCCTCGGGTTGATTCCAGTCCGTTCCTTTCCATTTCATTCCATTCCATTCCACTCCATTCCATTCCATTCCATTCCATTCCATTCCATTCCATTCCATTCCAATCCATTCCATTCCACTCCACTCCGGTTGA,DEL,-,PASS,468.64,NA
> 19M14784,manta,4,49149451,49150235,TTCCATTCGAGTTGATTCCATTCTATTCCATTCCATTCCATTCCATTGGGGTTGATTCCATTCCATTCCATTCCATTCCATTCCATTCCATTCCATTCCATTCGACTCGGGTTGATTCCAATCCATTCCATTCCAATCCATTCCATTCCATTCCATTCCATTCCATTCCATTCCATTCCATTCCATTCTGGTTGATTCCATTCCGTTGAATTTCTTTCCATTCCAATCCATTCCATACCATTCGATTCCATTCCATTCCATTCCATTCCATTCTATTCCACTCGAGTTAATTCCATTCCTTTGAATTCCATTGCTTTCCATTCCATTCCATTCCTTTCCACTCAGGTTGATTCCATTCCATTCCATTCCAATGCATTCCATTCCAGTTGATACCATTGCATTGCATTGTTTCCATTCCGTTCCATTCCATTCCATTACATTACATTACATTCCACTCGGTTTTATTCATTTCCGTTCCATTCAATTCCATTCCATTCCATTCCATTCCATTCCATTCCTCTTGGGTTGATTCCATTCCAATCCATGCCCCTTTATTCCATTCCATTCCATTCCATTCCATTCCATTCCATTCCATACCATTCCACCAAAGTTGACTGCATGCTATTCCATTCCATTCCATTCTATTCCATTCCATTCCATTCCATTCCATTCCATTCCATTCCATTCCTTTCCACTCGGGTTGATTACATTCCATTCAATTCCGTTCCATTCCGTTCCGTTCCGTTCCATTCCATTCCATTCCATTTTATTCCATTGCATTCCAC,DEL,-,PASS,468.64,NA
> 19M14784,manta,4,49151032,49151172,CCTTCGGTTTGATTCCTTTCCATTCCATTCCATTCCATACCATTCCACTCCATTCCTTTCCATTCCATTCGGGTTGATTCCCTTCCATTCCGTTCCGTTCCATTCCATTCCACACCATTCCACTAGGGTTGATTCCATGCC,DEL,-,PASS,468.64,NA
> 19M14784,manta,6,160521741,160521742,A,BND,-,PASS,468.64,NA
> 19M14784,manta,6,160521839,160521840,T,BND,-,PASS,468.64,NA
> 19M14784,manta,7,36535487,36535487,C,INS,-,PASS,468.64,NA
> 19M14784,manta,7,70420967,70438887,T,INV,-,PASS,468.64,NA
> 19M14784,manta,7,107410714,107410715,T,BND,-,PASS,468.64,NA
> 19M14784,manta,7,118343816,118343817,T,BND,-,PASS,468.64,NA
> 19M14784,manta,8,56401202,56401518,TAAAAAGACCAATGGTGGCCGGGCGCGGTGGCTCACGCCTGTAATCCCAGCACTTTGGGAGGCCGAGGCGGGCGGATCACGAGGTCAGGAGATCGAGACCATCCCGGCTAAAACGGTGAAACCCCGTCTCTACTAAAAATACAAAAAATTAGCCGGGGTAGTGGCGGGCGCCTGTAGTCCCAGCTACTTGGGAGGCTGAGGCAGGAGAATGGCGTGAACCCGGGAGGCGGAGCTTGCAGTGAGCCGAGATCCCGCCACTGCACTCCAGCCTGGGCGACAGAGCGAGACTCCGTTTCAAAAAAAAAAAAAAAAAAAAA,DEL,-,PASS,468.64,NA
> 19M14784,manta,10,43611980,43611981,C,BND,-,PASS,468.64,RET
> 19M14784,manta,10,98389646,98389647,G,BND,-,PASS,468.64,NA
> 19M14784,manta,10,98389689,98389690,A,BND,-,PASS,468.64,NA
> 19M14784,manta,10,115897797,115897798,A,BND,-,PASS,468.64,NA
> 19M14784,manta,11,17310099,17310100,C,BND,-,PASS,468.64,NA
> 19M14784,manta,11,32456983,32456984,G,BND,-,PASS,468.64,NA
> 19M14784,manta,12,66451462,66451463,T,BND,-,PASS,468.64,NA
> 19M14784,manta,13,78887238,78887239,A,BND,-,PASS,468.64,NA
> 19M14784,manta,13,78887238,78887239,A,BND,-,PASS,468.64,NA
> 19M14784,manta,13,78887238,78887239,A,BND,-,PASS,468.64,NA
> 19M14784,manta,13,78887271,78887272,A,BND,-,PASS,468.64,NA
> 19M14784,manta,17,1258426,54445658,A,INV,-,PASS,468.64,TP53
> 19M14784,manta,17,57986588,57986589,T,BND,-,PASS,468.64,NA
> 19M14784,manta,18,19638687,19638688,A,BND,-,PASS,468.64,NA
> 19M14784,manta,19,45873700,45873701,C,BND,-,PASS,468.64,NA
> 19M14784,manta,21,10819469,10819625,TGGAATGCAATGGAATGGAATGGAATGGAATGCAATGGAATGGAATGGAATGGAATGGAATGCAATGGAATGGAATGGAATGCAATGGAATGGAATGGAATGGAATGCAACGGAATGGAATGGAATGGAATGGAATGGAATGGAATGGAATGGAATG,DEL,-,PASS,468.64,NA
> 19M14784,manta,X,56957313,56957314,T,BND,-,PASS,468.64,NA
> 19M14784,manta,X,132795634,132795635,C,BND,-,PASS,468.64,NA
> 19M14784,exomeDepth,NA,NA,NA,NA,NA,NA,PASS,468.64,NA
> 19M14902,manta,1,52433231,52433232,T,BND,-,PASS,263.84,NA
> 19M14902,manta,1,121484950,121485289,TTGTTCAACTCACAGAGTTTAACCTTTCTGTTCATAGAGCAGTTAGGAAACGCTCTGTTTGTAAAGTCTGTAAGTGGATATTCTGACATCTTGTGGCCTTCGTTGGAAACGGGATTTCTTCCTATTCTGCTAGACAGATGAATTCTCAGTAACTTCCTTGTGTTGTGTGTATTCAACTCACAGAGTTGAACGATCCTTTACACAGAGCAGACTTGAAACACTCTTTTTGTGGAATTTGCAAGTGGAGATTTCAGCCGCTTTGAGGTCAATGGTAGAAAAGGAAATATCTTCGTATAGAAACAAGACAGAATGATTCTCAGAAACTCCTTTGTGATGTGTG,DEL,-,PASS,263.84,NA
> 19M14902,manta,1,162514472,162514473,T,BND,-,PASS,263.84,NA
> 19M14902,manta,2,33141281,33141282,C,BND,-,PASS,263.84,NA
> 19M14902,manta,2,33141285,33141286,G,BND,-,PASS,263.84,NA
> 19M14902,manta,2,33141410,33141411,G,BND,-,PASS,263.84,NA
> 19M14902,manta,3,25802431,39211160,C,DEL,-,PASS,263.84,MLH1
> 19M14902,manta,3,121667269,121667270,C,BND,-,PASS,263.84,NA
> 19M14902,manta,3,121667271,121667272,T,BND,-,PASS,263.84,NA
> 19M14902,manta,6,160521742,160521743,A,BND,-,PASS,263.84,NA
> 19M14902,manta,6,160521839,160521840,T,BND,-,PASS,263.84,NA
> 19M14902,manta,7,107410714,107410715,T,BND,-,PASS,263.84,NA
> 19M14902,manta,9,598621,598622,T,BND,-,PASS,263.84,NA
> 19M14902,manta,9,129745208,129745209,T,BND,-,PASS,263.84,NA
> 19M14902,manta,10,42364564,42365071,CACGTGGGTTGATTCCATTCCATTCCATTACATTCCTTTCCGTTCCATTCCATTCATTTCCATTCCACTTGAGTTGATTCCATTCCATTCCATTCCATTCCGTTCCATTCCATTCCAGTCCATTCGGGTTGATTCCATTCCATTCCATTCCTTTCCATTCCTTTCCATTCATTTCCATTCCATTCCATTCCATTCTATTCGGTTTGATTCCATTCCATTCCATTCCATTCCATTCCATTCCATTCCATTCCACTCCATTCCATTCCATTCCATTCCACCCGGATTGATTCCTTTCCATTCCATTTTAATCCATTCCATTCCACTCCTTTCCACTGGGGTTGATTCCATTCCATTCCATTCCATTCCATTTCATTTCTTTCCATTCCATTCCAGTTGATTCTTATGCCTTCCATTCCATTCCATTCCATTGTATTCCATTCCATTCCATTCCATTGTATTCCATTCCATTCCATTCCATTCCACTCGGGATGATTGCATTCCATTCCAT,DEL,-,PASS,263.84,NA
> 19M14902,manta,10,42600079,42600131,ACGAATGGAATCGTCATCGAATGGAATCGAATGGAATCATCAAATGGGATCAG,DEL,-,PASS,263.84,NA
> 19M14902,manta,10,89652739,89653819,T,DUP,-,PASS,263.84,PTEN
> 19M14902,manta,10,89652823,89653722,CTTTTGACTCCCCAAAACTTAATATTTAGCCTATACTTGACTAGAAGTCTTACTGATGACATAATGTTCGTTAATACATATTTTATATATGTGTCAGATAGCATATTTGTATAATAAAGTAAGCTGCAGGAAAAATATTAAAATCATAAAGAAGAGAAAATATACTTACTATTCATTAAGTGGAAGTGGATCCTCATAAAGGTCTTCATCCTCACTGCCTTCACTTTGAGTAGGCCGAGGAGTAGGAGAGAGAGGAAAGGTCAGACTTGCTGTCTCATGGGTGGCAGAGGTAGAAGAAGGTCCACATACAAGTGGTCCGACACAGCTCAAACCGGTTTTGTTCATTGGCCAACTGTAGTTTGATTGAAAGTAATAATAAATGAAGTTTCTGCCTCAGTTCAGTATTATCAAGTCATAGATAGCAAGGGCTGGAAGAAACCTTAGTAGTAATCTCTTTGAGTCTAATTATCATGTAGAATAGGAAATTGCGGTCTAGAAAGGTTAAGTGACTTGTCCAAATTACACAACTAGTTAGAGACATAGCCAGCTCTTAAATCTGACTTCCAGATTTTCACTGTGTCTTCTTTTTTCTGTAACGTGTTGCCTTTTTTAGCCATGAAAAATTAGAAGTTGAACTCTTGTCTTTTCAGGCAGGTGTCAATTTTGGGGTTTTGTTTTGATTTTTGGTTTTTGACATAAAGTACTTTAGTTCTGTGATGTATAAACCGTGAGTTTCTGTTTTTCTCATATACCTGAATACTGTCCATGTGGAAGTTACCTTTTATCTTTACCAGTATTAACACATAAATGGTTATACATAAATACATTGACCACCTTTTATTACTCCAGCTATAGTGGGGAAAACTTTCTTTTCATAACTAGCTAATGTTTTAAAAAGTA,DEL,-,PASS,263.84,PTEN
> 19M14902,manta,10,98389653,98389654,T,BND,-,PASS,263.84,NA
> 19M14902,manta,10,98389689,98389690,A,BND,-,PASS,263.84,NA
> 19M14902,manta,11,17310101,17310102,T,BND,-,PASS,263.84,NA
> 19M14902,manta,11,17310130,17310131,C,BND,-,PASS,263.84,NA
> 19M14902,manta,11,32457007,32457008,T,BND,-,PASS,263.84,NA
> 19M14902,manta,11,121195034,121195035,G,BND,-,PASS,263.84,NA
> 19M14902,manta,12,66451373,66451374,T,BND,-,PASS,263.84,NA
> 19M14902,manta,15,77910868,77910869,T,BND,-,PASS,263.84,NA
> 19M14902,manta,16,3647734,3647735,T,BND,-,PASS,263.84,NA
> 19M14902,manta,16,46417478,46417608,GAATGGAAACATCGTCAAATGGAATGGAAAGGAATCATCGTCGAATGGAGTCGAATGGAATCATCAATGAATGAAATCGAATGGAATCATAATAGAACAGAATTGAATACAATCATCGTCGAATGGACTCT,DEL,-,PASS,263.84,NA
> 19M14902,manta,17,41557040,57986574,A,INV,-,PASS,263.84,RAD51C
> 19M14902,manta,19,45873702,45873703,C,BND,-,PASS,263.84,NA
> 19M14902,manta,X,56957280,56957281,G,BND,-,PASS,263.84,NA
> 19M14902,manta,X,118061302,118061303,T,BND,-,PASS,263.84,NA
> 19M14902,exomeDepth,NA,NA,NA,NA,NA,NA,PASS,263.84,NA
595c595
< 19M14814,manta,17,41557047,57986564,A,INV,-,PASS,548.11,NA
---
> 19M14814,manta,17,41557047,57986564,A,INV,-,PASS,548.11,RAD51C
605a606,637
> 19M14918,manta,1,1379107,1379108,T,BND,-,PASS,306.66,NA
> 19M14918,manta,1,62390958,62390959,G,BND,-,PASS,306.66,NA
> 19M14918,manta,1,113611322,113613777,T,DEL,-,PASS,306.66,NA
> 19M14918,manta,1,121485434,121485435,C,BND,-,PASS,306.66,NA
> 19M14918,manta,1,223589031,223589032,A,BND,-,PASS,306.66,NA
> 19M14918,manta,2,12114251,12114252,T,BND,-,PASS,306.66,NA
> 19M14918,manta,2,29451739,33141395,A,DUP,-,PASS,306.66,NA
> 19M14918,manta,2,33092019,33092020,T,BND,-,PASS,306.66,NA
> 19M14918,manta,2,33141288,33141289,G,BND,-,PASS,306.66,NA
> 19M14918,manta,2,33141388,58468249,G,INV,-,PASS,306.66,MSH6
> 19M14918,manta,2,33141404,170976147,G,INV,-,PASS,306.66,TMEM127
> 19M14918,manta,2,33141554,33141555,G,BND,-,PASS,306.66,NA
> 19M14918,manta,2,143202048,143202049,T,BND,-,PASS,306.66,NA
> 19M14918,manta,2,151866669,151866670,T,BND,-,PASS,306.66,NA
> 19M14918,manta,3,10088266,11911936,G,DUP,-,PASS,306.66,VHL
> 19M14918,manta,3,25802442,39211200,A,DEL,-,PASS,306.66,MLH1
> 19M14918,manta,4,9736006,9736007,T,BND,-,PASS,306.66,NA
> 19M14918,manta,4,82515449,82515450,T,BND,-,PASS,306.66,NA
> 19M14918,manta,6,78967191,79036414,T,DEL,-,PASS,306.66,NA
> 19M14918,manta,10,42597176,42597529,CAGATGGAAACGAATGGAATCATCATTGAATGGAATCGAATGGAATCATCAAACGGAAACAGATGGAATCATCATCAAATGGAATCGAGTAGAATTATGGAATGCAATCCAATGTGATCATCATCGAATGGTCTCGAATGGAATCATCATCCAATGGAAACTAATGGAATCAACATCGAATGGAATCGAATGGAAACACCATCGAATTGAAAGGAATGGAATTATCATGAAATTGAAATGGATGGTCTCATCATCGAATGGATTCCAATGAAATCATCAAATGAAATTGATTGAAGTCATCATCAAATGGAATCAAATGGAATCATTGAATGGAATCGAATGGAATCATCATCA,DEL,-,PASS,306.66,NA
> 19M14918,manta,11,1609053,1609054,A,BND,-,PASS,306.66,NA
> 19M14918,manta,11,8284683,8284684,T,BND,-,PASS,306.66,NA
> 19M14918,manta,11,32457007,32457008,T,BND,-,PASS,306.66,NA
> 19M14918,exomeDepth,11,44117533,44118141,G,<DUP>,1,PASS,306.66,NA
> 19M14918,manta,12,66451462,66451463,T,BND,-,PASS,306.66,NA
> 19M14918,manta,13,78887238,78887239,A,BND,-,PASS,306.66,NA
> 19M14918,manta,13,78887238,78887239,A,BND,-,PASS,306.66,NA
> 19M14918,manta,13,78887238,78887239,A,BND,-,PASS,306.66,NA
> 19M14918,manta,17,41557029,57986565,A,INV,-,PASS,306.66,RAD51C
> 19M14918,manta,17,57986588,57986589,T,BND,-,PASS,306.66,NA
> 19M14918,manta,17,65993457,65993458,A,BND,-,PASS,306.66,NA
> 19M14918,manta,19,27731949,27731950,T,BND,-,PASS,306.66,NA
630c662
< 19M14917,manta,17,41557025,57986562,A,INV,-,PASS,475.15,NA
---
> 19M14917,manta,17,41557025,57986562,A,INV,-,PASS,475.15,RAD51C
635a668,692
> 19M14928,manta,1,62390940,62390941,A,BND,-,PASS,534.5,NA
> 19M14928,manta,1,113611322,113613777,T,DEL,-,PASS,534.5,NA
> 19M14928,manta,2,33141260,33141261,A,BND,-,PASS,534.5,NA
> 19M14928,manta,2,33141288,33141289,G,BND,-,PASS,534.5,NA
> 19M14928,manta,2,33141294,33141295,G,BND,-,PASS,534.5,NA
> 19M14928,manta,2,33141399,170976140,G,INV,-,PASS,534.5,TMEM127
> 19M14928,manta,2,173722666,173722667,A,BND,-,PASS,534.5,NA
> 19M14928,exomeDepth,2,232888717,232889310,C,<DEL>,1,PASS,534.5,NA
> 19M14928,manta,3,10088266,11911936,G,DUP,-,PASS,534.5,VHL
> 19M14928,manta,3,25802447,39211139,G,DEL,-,PASS,534.5,MLH1
> 19M14928,exomeDepth,3,169082363,169082903,C,<DEL>,1,PASS,534.5,NA
> 19M14928,exomeDepth,5,44365275,44365815,A,<DEL>,1,PASS,534.5,NA
> 19M14928,exomeDepth,6,127600360,127600900,T,<DEL>,1,PASS,534.5,NA
> 19M14928,manta,6,160521839,160521840,T,BND,-,PASS,534.5,NA
> 19M14928,manta,7,55086800,55086801,G,BND,-,PASS,534.5,NA
> 19M14928,exomeDepth,7,116338869,116340608,T,<DEL>,1,PASS,534.5,MET
> 19M14928,exomeDepth,8,129192001,129192541,C,<DEL>,1,PASS,534.5,NA
> 19M14928,exomeDepth,9,22033096,22033636,T,<DEL>,1,PASS,534.5,NA
> 19M14928,manta,10,98389689,98389690,A,BND,-,PASS,534.5,NA
> 19M14928,manta,11,32456978,32456979,A,BND,-,PASS,534.5,NA
> 19M14928,manta,17,41557027,57986561,A,INV,-,PASS,534.5,RAD51C
> 19M14928,manta,17,47769973,67369100,C,DUP,-,PASS,534.5,RAD51C
> 19M14928,manta,17,65993459,65993460,A,BND,-,PASS,534.5,NA
> 19M14928,manta,17,65993459,65993460,A,BND,-,PASS,534.5,NA
> 19M14928,manta,19,45873719,45873720,G,BND,-,PASS,534.5,NA
663c720
< 19M15040,manta,17,41557036,57986569,C,INV,-,PASS,303.58,NA
---
> 19M15040,manta,17,41557036,57986569,C,INV,-,PASS,303.58,RAD51C
665,737d721
< 19M14918,manta,1,1379107,1379108,T,BND,-,PASS,306.66,NA
< 19M14918,manta,1,62390958,62390959,G,BND,-,PASS,306.66,NA
< 19M14918,manta,1,113611322,113613777,T,DEL,-,PASS,306.66,NA
< 19M14918,manta,1,121485434,121485435,C,BND,-,PASS,306.66,NA
< 19M14918,manta,1,223589031,223589032,A,BND,-,PASS,306.66,NA
< 19M14918,manta,2,12114251,12114252,T,BND,-,PASS,306.66,NA
< 19M14918,manta,2,29451739,33141395,A,DUP,-,PASS,306.66,NA
< 19M14918,manta,2,33092019,33092020,T,BND,-,PASS,306.66,NA
< 19M14918,manta,2,33141288,33141289,G,BND,-,PASS,306.66,NA
< 19M14918,manta,2,33141388,58468249,G,INV,-,PASS,306.66,MSH6
< 19M14918,manta,2,33141404,170976147,G,INV,-,PASS,306.66,TMEM127
< 19M14918,manta,2,33141554,33141555,G,BND,-,PASS,306.66,NA
< 19M14918,manta,2,143202048,143202049,T,BND,-,PASS,306.66,NA
< 19M14918,manta,2,151866669,151866670,T,BND,-,PASS,306.66,NA
< 19M14918,manta,3,10088266,11911936,G,DUP,-,PASS,306.66,VHL
< 19M14918,manta,3,25802442,39211200,A,DEL,-,PASS,306.66,MLH1
< 19M14918,manta,4,9736006,9736007,T,BND,-,PASS,306.66,NA
< 19M14918,manta,4,82515449,82515450,T,BND,-,PASS,306.66,NA
< 19M14918,manta,6,78967191,79036414,T,DEL,-,PASS,306.66,NA
< 19M14918,manta,10,42597176,42597529,CAGATGGAAACGAATGGAATCATCATTGAATGGAATCGAATGGAATCATCAAACGGAAACAGATGGAATCATCATCAAATGGAATCGAGTAGAATTATGGAATGCAATCCAATGTGATCATCATCGAATGGTCTCGAATGGAATCATCATCCAATGGAAACTAATGGAATCAACATCGAATGGAATCGAATGGAAACACCATCGAATTGAAAGGAATGGAATTATCATGAAATTGAAATGGATGGTCTCATCATCGAATGGATTCCAATGAAATCATCAAATGAAATTGATTGAAGTCATCATCAAATGGAATCAAATGGAATCATTGAATGGAATCGAATGGAATCATCATCA,DEL,-,PASS,306.66,NA
< 19M14918,manta,11,1609053,1609054,A,BND,-,PASS,306.66,NA
< 19M14918,manta,11,8284683,8284684,T,BND,-,PASS,306.66,NA
< 19M14918,manta,11,32457007,32457008,T,BND,-,PASS,306.66,NA
< 19M14918,exomeDepth,11,44117533,44118141,G,<DUP>,1,PASS,306.66,NA
< 19M14918,manta,12,66451462,66451463,T,BND,-,PASS,306.66,NA
< 19M14918,manta,13,78887238,78887239,A,BND,-,PASS,306.66,NA
< 19M14918,manta,13,78887238,78887239,A,BND,-,PASS,306.66,NA
< 19M14918,manta,13,78887238,78887239,A,BND,-,PASS,306.66,NA
< 19M14918,manta,17,41557029,57986565,A,INV,-,PASS,306.66,NA
< 19M14918,manta,17,57986588,57986589,T,BND,-,PASS,306.66,NA
< 19M14918,manta,17,65993457,65993458,A,BND,-,PASS,306.66,NA
< 19M14918,manta,19,27731949,27731950,T,BND,-,PASS,306.66,NA
< 19M14928,manta,1,62390940,62390941,A,BND,-,PASS,534.5,NA
< 19M14928,manta,1,113611322,113613777,T,DEL,-,PASS,534.5,NA
< 19M14928,manta,2,33141260,33141261,A,BND,-,PASS,534.5,NA
< 19M14928,manta,2,33141288,33141289,G,BND,-,PASS,534.5,NA
< 19M14928,manta,2,33141294,33141295,G,BND,-,PASS,534.5,NA
< 19M14928,manta,2,33141399,170976140,G,INV,-,PASS,534.5,TMEM127
< 19M14928,manta,2,173722666,173722667,A,BND,-,PASS,534.5,NA
< 19M14928,exomeDepth,2,232888717,232889310,C,<DEL>,1,PASS,534.5,NA
< 19M14928,manta,3,10088266,11911936,G,DUP,-,PASS,534.5,VHL
< 19M14928,manta,3,25802447,39211139,G,DEL,-,PASS,534.5,MLH1
< 19M14928,exomeDepth,3,169082363,169082903,C,<DEL>,1,PASS,534.5,NA
< 19M14928,exomeDepth,5,44365275,44365815,A,<DEL>,1,PASS,534.5,NA
< 19M14928,exomeDepth,6,127600360,127600900,T,<DEL>,1,PASS,534.5,NA
< 19M14928,manta,6,160521839,160521840,T,BND,-,PASS,534.5,NA
< 19M14928,manta,7,55086800,55086801,G,BND,-,PASS,534.5,NA
< 19M14928,exomeDepth,7,116338869,116340608,T,<DEL>,1,PASS,534.5,MET
< 19M14928,exomeDepth,8,129192001,129192541,C,<DEL>,1,PASS,534.5,NA
< 19M14928,exomeDepth,9,22033096,22033636,T,<DEL>,1,PASS,534.5,NA
< 19M14928,manta,10,98389689,98389690,A,BND,-,PASS,534.5,NA
< 19M14928,manta,11,32456978,32456979,A,BND,-,PASS,534.5,NA
< 19M14928,manta,17,41557027,57986561,A,INV,-,PASS,534.5,NA
< 19M14928,manta,17,47769973,67369100,C,DUP,-,PASS,534.5,NA
< 19M14928,manta,17,65993459,65993460,A,BND,-,PASS,534.5,NA
< 19M14928,manta,17,65993459,65993460,A,BND,-,PASS,534.5,NA
< 19M14928,manta,19,45873719,45873720,G,BND,-,PASS,534.5,NA
< 19M15078,manta,1,121485372,121485373,A,BND,-,PASS,415.69,NA
< 19M15078,manta,2,12114251,12114252,T,BND,-,PASS,415.69,NA
< 19M15078,manta,2,29451750,33141395,C,DUP,-,PASS,415.69,NA
< 19M15078,manta,2,33141288,33141289,G,BND,-,PASS,415.69,NA
< 19M15078,manta,2,33141404,170976152,G,INV,-,PASS,415.69,TMEM127
< 19M15078,manta,3,10088266,11911936,G,DUP,-,PASS,415.69,VHL
< 19M15078,manta,3,25802428,39211155,A,DEL,-,PASS,415.69,MLH1
< 19M15078,manta,6,78967191,79036414,T,DEL,-,PASS,415.69,NA
< 19M15078,manta,6,160521839,160521840,T,BND,-,PASS,415.69,NA
< 19M15078,manta,10,98389689,98389690,A,BND,-,PASS,415.69,NA
< 19M15078,manta,11,32457002,32457003,G,BND,-,PASS,415.69,NA
< 19M15078,manta,17,41557067,57986567,A,INV,-,PASS,415.69,NA
< 19M15078,manta,17,57986588,57986589,T,BND,-,PASS,415.69,NA
< 19M15078,manta,17,69334976,69335036,CCTTTCTTTCTTTCTTCCTTCCTTTCTTTCTTTCTTTCTTTCTTTCTTTCTTTCTTTCTTT,DEL,-,PASS,415.69,NA
< 19M15078,manta,19,27738461,27738462,G,BND,-,PASS,415.69,NA
< 19M15078,exomeDepth,NA,NA,NA,NA,NA,NA,PASS,415.69,NA
771a756,771
> 19M15078,manta,1,121485372,121485373,A,BND,-,PASS,415.69,NA
> 19M15078,manta,2,12114251,12114252,T,BND,-,PASS,415.69,NA
> 19M15078,manta,2,29451750,33141395,C,DUP,-,PASS,415.69,NA
> 19M15078,manta,2,33141288,33141289,G,BND,-,PASS,415.69,NA
> 19M15078,manta,2,33141404,170976152,G,INV,-,PASS,415.69,TMEM127
> 19M15078,manta,3,10088266,11911936,G,DUP,-,PASS,415.69,VHL
> 19M15078,manta,3,25802428,39211155,A,DEL,-,PASS,415.69,MLH1
> 19M15078,manta,6,78967191,79036414,T,DEL,-,PASS,415.69,NA
> 19M15078,manta,6,160521839,160521840,T,BND,-,PASS,415.69,NA
> 19M15078,manta,10,98389689,98389690,A,BND,-,PASS,415.69,NA
> 19M15078,manta,11,32457002,32457003,G,BND,-,PASS,415.69,NA
> 19M15078,manta,17,41557067,57986567,A,INV,-,PASS,415.69,RAD51C
> 19M15078,manta,17,57986588,57986589,T,BND,-,PASS,415.69,NA
> 19M15078,manta,17,69334976,69335036,CCTTTCTTTCTTTCTTCCTTCCTTTCTTTCTTTCTTTCTTTCTTTCTTTCTTTCTTTCTTT,DEL,-,PASS,415.69,NA
> 19M15078,manta,19,27738461,27738462,G,BND,-,PASS,415.69,NA
> 19M15078,exomeDepth,NA,NA,NA,NA,NA,NA,PASS,415.69,NA
